stakeholder_ids,goal_ids,use_case_ids,requirement_id,architecture_element_ids,interface_schema_or_state_ids,adr_ids,task_id,test_id,evidence_artifact
STAKE-001;STAKE-002,GOAL-001;GOAL-002;GOAL-006,UC-004,FR-001,ARC-CLI;ARC-COMPILER,ARC-CLI;ARC-COMPILER,ADR-001,TASK-0311,VT-FR-001,validation/evidence/VT-FR-001.json
STAKE-001;STAKE-002,GOAL-001;GOAL-002;GOAL-006,UC-004,FR-001,ARC-CLI;ARC-COMPILER,ARC-CLI;ARC-COMPILER,ADR-001,TASK-0711,VT-FR-001,validation/evidence/VT-FR-001.json
STAKE-001;STAKE-002,GOAL-001;GOAL-002;GOAL-006,UC-004,FR-002,ARC-HTTP;ARC-ASSERT,ARC-HTTP;ARC-ASSERT,,TASK-0102,VT-FR-002,validation/evidence/VT-FR-002.json
STAKE-001;STAKE-002,GOAL-001;GOAL-002;GOAL-006,UC-004,FR-002,ARC-HTTP;ARC-ASSERT,ARC-HTTP;ARC-ASSERT,,TASK-0508,VT-FR-002,validation/evidence/VT-FR-002.json
STAKE-001;STAKE-002,GOAL-001;GOAL-002;GOAL-006,UC-004,FR-003,ARC-REF,ARC-REF,,TASK-0701,VT-FR-003,validation/evidence/VT-FR-003.json
STAKE-001;STAKE-002,GOAL-001;GOAL-002;GOAL-006,UC-004,FR-003,ARC-REF,ARC-REF,,TASK-0711,VT-FR-003,validation/evidence/VT-FR-003.json
STAKE-001;STAKE-002,GOAL-001;GOAL-002;GOAL-006,UC-004,FR-004,ARC-REF,ARC-REF,ADR-008,TASK-0711,VT-FR-004,validation/evidence/VT-FR-004.json
STAKE-001;STAKE-002,GOAL-001;GOAL-002;GOAL-006,UC-004,FR-005,ARC-CLI;ARC-COMPILER,ARC-CLI;ARC-COMPILER,ADR-018,TASK-0809,VT-FR-005,validation/evidence/VT-FR-005.json
STAKE-001;STAKE-002,GOAL-001;GOAL-002;GOAL-006,UC-004,FR-006,ARC-ASSERT;ARC-REPORT-JSON,IF-PLAN,,TASK-0508,VT-FR-006,validation/evidence/VT-FR-006.json
STAKE-001;STAKE-002,GOAL-001;GOAL-002;GOAL-006,UC-004,FR-006,ARC-ASSERT;ARC-REPORT-JSON,IF-PLAN,,TASK-0602,VT-FR-006,validation/evidence/VT-FR-006.json
STAKE-001;STAKE-002,GOAL-001;GOAL-002;GOAL-006,UC-004,FR-007,ARC-JOURNAL;ARC-REPORT-JSON,ARC-JOURNAL;ARC-REPORT-JSON,ADR-001,TASK-0601,VT-FR-007,validation/evidence/VT-FR-007.json
STAKE-001;STAKE-002,GOAL-001;GOAL-002;GOAL-006,UC-004,FR-007,ARC-JOURNAL;ARC-REPORT-JSON,ARC-JOURNAL;ARC-REPORT-JSON,ADR-001,TASK-0606,VT-FR-007,validation/evidence/VT-FR-007.json
STAKE-001;STAKE-002,GOAL-001;GOAL-002;GOAL-006,UC-004,FR-008,ARC-COMPILER,ARC-COMPILER,,TASK-0108,VT-FR-008,validation/evidence/VT-FR-008.json
STAKE-001;STAKE-002,GOAL-001;GOAL-002;GOAL-006,UC-004,FR-009,ARC-CONFIG;ARC-SCHED,ARC-CONFIG;ARC-SCHED,,TASK-0104,VT-FR-009,validation/evidence/VT-FR-009.json
STAKE-001;STAKE-002,GOAL-001;GOAL-002;GOAL-006,UC-004,FR-009,ARC-CONFIG;ARC-SCHED,ARC-CONFIG;ARC-SCHED,,TASK-0303,VT-FR-009,validation/evidence/VT-FR-009.json
STAKE-001;STAKE-002,GOAL-001;GOAL-002;GOAL-006,UC-004,FR-010,ARC-COMPILER;ARC-SIGN,ARC-COMPILER;ARC-SIGN,,TASK-0108,VT-FR-010,validation/evidence/VT-FR-010.json
STAKE-001;STAKE-002,GOAL-001;GOAL-002;GOAL-006,UC-004,FR-010,ARC-COMPILER;ARC-SIGN,ARC-COMPILER;ARC-SIGN,,TASK-0401,VT-FR-010,validation/evidence/VT-FR-010.json
STAKE-001;STAKE-002,GOAL-001;GOAL-002;GOAL-006,UC-004,FR-011,ARC-REPORT-JSON;ARC-REPORT-JUNIT;ARC-REPORT-HTML,ARC-REPORT-JSON;ARC-REPORT-JUNIT;ARC-REPORT-HTML,,TASK-0605,VT-FR-011,validation/evidence/VT-FR-011.json
STAKE-001;STAKE-002,GOAL-001;GOAL-002;GOAL-006,UC-004,FR-012,ARC-MANIFEST,ARC-MANIFEST,,TASK-0109,VT-FR-012,validation/evidence/VT-FR-012.json
STAKE-001;STAKE-002,GOAL-001;GOAL-002;GOAL-006,UC-004,FR-012,ARC-MANIFEST,ARC-MANIFEST,,TASK-0110,VT-FR-012,validation/evidence/VT-FR-012.json
STAKE-001;STAKE-006,GOAL-001;GOAL-004,UC-001;UC-002;UC-003,CFG-001,ARC-CONFIG,IF-CONFIG,ADR-019,TASK-0104,VT-CFG-001,validation/evidence/VT-CFG-001.json
STAKE-001;STAKE-006,GOAL-001;GOAL-004,UC-001;UC-002;UC-003,CFG-001,ARC-CONFIG,IF-CONFIG,ADR-019,TASK-0105,VT-CFG-001,validation/evidence/VT-CFG-001.json
STAKE-001;STAKE-006,GOAL-001;GOAL-004,UC-001;UC-002;UC-003,CFG-002,ARC-CONFIG,ARC-CONFIG,,TASK-0105,VT-CFG-002,validation/evidence/VT-CFG-002.json
STAKE-001;STAKE-006,GOAL-001;GOAL-004,UC-001;UC-002;UC-003,CFG-003,ARC-CONFIG,IF-SCHEMA,,TASK-0104,VT-CFG-003,validation/evidence/VT-CFG-003.json
STAKE-001;STAKE-006,GOAL-001;GOAL-004,UC-001;UC-002;UC-003,CFG-004,ARC-CONFIG,ARC-CONFIG,,TASK-0105,VT-CFG-004,validation/evidence/VT-CFG-004.json
STAKE-001;STAKE-006,GOAL-001;GOAL-004,UC-001;UC-002;UC-003,CFG-005,ARC-CONFIG,ARC-CONFIG,,TASK-0105,VT-CFG-005,validation/evidence/VT-CFG-005.json
STAKE-001;STAKE-006,GOAL-001;GOAL-004,UC-001;UC-002;UC-003,CFG-006,ARC-CONFIG,ARC-CONFIG,,TASK-0105,VT-CFG-006,validation/evidence/VT-CFG-006.json
STAKE-001;STAKE-006,GOAL-001;GOAL-004,UC-001;UC-002;UC-003,CFG-006,ARC-CONFIG,ARC-CONFIG,,TASK-0801,VT-CFG-006,validation/evidence/VT-CFG-006.json
STAKE-001;STAKE-006,GOAL-001;GOAL-004,UC-001;UC-002;UC-003,CFG-007,ARC-SECRET,IF-CONFIG,,TASK-0106,VT-CFG-007,validation/evidence/VT-CFG-007.json
STAKE-001;STAKE-006,GOAL-001;GOAL-004,UC-001;UC-002;UC-003,CFG-008,ARC-SECRET,ARC-SECRET,,TASK-0106,VT-CFG-008,validation/evidence/VT-CFG-008.json
STAKE-001;STAKE-006,GOAL-001;GOAL-004,UC-001;UC-002;UC-003,CFG-009,ARC-SECRET,ARC-SECRET,,TASK-0106,VT-CFG-009,validation/evidence/VT-CFG-009.json
STAKE-001;STAKE-006,GOAL-001;GOAL-004,UC-001;UC-002;UC-003,CFG-010,ARC-CONFIG,ARC-CONFIG,,TASK-0105,VT-CFG-010,validation/evidence/VT-CFG-010.json
STAKE-001;STAKE-006,GOAL-001;GOAL-004,UC-001;UC-002;UC-003,CFG-011,ARC-CONFIG,ARC-CONFIG,,TASK-0105,VT-CFG-011,validation/evidence/VT-CFG-011.json
STAKE-001;STAKE-006,GOAL-001;GOAL-004,UC-001;UC-002;UC-003,CFG-012,ARC-CONFIG,ARC-CONFIG,,TASK-0105,VT-CFG-012,validation/evidence/VT-CFG-012.json
STAKE-001;STAKE-006,GOAL-001;GOAL-004,UC-001;UC-002;UC-003,CFG-012,ARC-CONFIG,ARC-CONFIG,,TASK-0801,VT-CFG-012,validation/evidence/VT-CFG-012.json
STAKE-001;STAKE-006,GOAL-001;GOAL-004,UC-001;UC-002;UC-003,CFG-013,ARC-CONFIG;ARC-MANIFEST,ARC-CONFIG;ARC-MANIFEST,,TASK-0109,VT-CFG-013,validation/evidence/VT-CFG-013.json
STAKE-001;STAKE-006,GOAL-001;GOAL-004,UC-001;UC-002;UC-003,CFG-014,ARC-CONFIG,ARC-CONFIG,,TASK-0104,VT-CFG-014,validation/evidence/VT-CFG-014.json
STAKE-001;STAKE-006,GOAL-001;GOAL-004,UC-001;UC-002;UC-003,CFG-014,ARC-CONFIG,ARC-CONFIG,,TASK-0801,VT-CFG-014,validation/evidence/VT-CFG-014.json
STAKE-001;STAKE-002,GOAL-005;GOAL-006,UC-001;UC-002;UC-003;UC-004;UC-005;UC-006;UC-007;UC-008;UC-012,CLI-001,ARC-CLI,IF-CLI,ADR-016,TASK-0801,VT-CLI-001,validation/evidence/VT-CLI-001.json
STAKE-001;STAKE-002,GOAL-005;GOAL-006,UC-001;UC-002;UC-003;UC-004;UC-005;UC-006;UC-007;UC-008;UC-012,CLI-002,ARC-CLI,ARC-CLI,,TASK-0801,VT-CLI-002,validation/evidence/VT-CLI-002.json
STAKE-001;STAKE-002,GOAL-005;GOAL-006,UC-001;UC-002;UC-003;UC-004;UC-005;UC-006;UC-007;UC-008;UC-012,CLI-003,ARC-CLI,ARC-CLI,,TASK-0109,VT-CLI-003,validation/evidence/VT-CLI-003.json
STAKE-001;STAKE-002,GOAL-005;GOAL-006,UC-001;UC-002;UC-003;UC-004;UC-005;UC-006;UC-007;UC-008;UC-012,CLI-003,ARC-CLI,ARC-CLI,,TASK-0801,VT-CLI-003,validation/evidence/VT-CLI-003.json
STAKE-001;STAKE-002,GOAL-005;GOAL-006,UC-001;UC-002;UC-003;UC-004;UC-005;UC-006;UC-007;UC-008;UC-012,CLI-004,ARC-CLI,ARC-CLI,,TASK-0311,VT-CLI-004,validation/evidence/VT-CLI-004.json
STAKE-001;STAKE-002,GOAL-005;GOAL-006,UC-001;UC-002;UC-003;UC-004;UC-005;UC-006;UC-007;UC-008;UC-012,CLI-004,ARC-CLI,ARC-CLI,,TASK-0801,VT-CLI-004,validation/evidence/VT-CLI-004.json
STAKE-001;STAKE-002,GOAL-005;GOAL-006,UC-001;UC-002;UC-003;UC-004;UC-005;UC-006;UC-007;UC-008;UC-012,CLI-005,ARC-CLI,ARC-CLI,,TASK-0207,VT-CLI-005,validation/evidence/VT-CLI-005.json
STAKE-001;STAKE-002,GOAL-005;GOAL-006,UC-001;UC-002;UC-003;UC-004;UC-005;UC-006;UC-007;UC-008;UC-012,CLI-005,ARC-CLI,ARC-CLI,,TASK-0801,VT-CLI-005,validation/evidence/VT-CLI-005.json
STAKE-001;STAKE-002,GOAL-005;GOAL-006,UC-001;UC-002;UC-003;UC-004;UC-005;UC-006;UC-007;UC-008;UC-012,CLI-006,ARC-CLI,ARC-CLI,,TASK-0110,VT-CLI-006,validation/evidence/VT-CLI-006.json
STAKE-001;STAKE-002,GOAL-005;GOAL-006,UC-001;UC-002;UC-003;UC-004;UC-005;UC-006;UC-007;UC-008;UC-012,CLI-006,ARC-CLI,ARC-CLI,,TASK-0801,VT-CLI-006,validation/evidence/VT-CLI-006.json
STAKE-001;STAKE-002,GOAL-005;GOAL-006,UC-001;UC-002;UC-003;UC-004;UC-005;UC-006;UC-007;UC-008;UC-012,CLI-007,ARC-CLI,ARC-CLI,,TASK-0606,VT-CLI-007,validation/evidence/VT-CLI-007.json
STAKE-001;STAKE-002,GOAL-005;GOAL-006,UC-001;UC-002;UC-003;UC-004;UC-005;UC-006;UC-007;UC-008;UC-012,CLI-007,ARC-CLI,ARC-CLI,,TASK-0801,VT-CLI-007,validation/evidence/VT-CLI-007.json
STAKE-001;STAKE-002,GOAL-005;GOAL-006,UC-001;UC-002;UC-003;UC-004;UC-005;UC-006;UC-007;UC-008;UC-012,CLI-008,ARC-CLI,ARC-CLI,,TASK-0606,VT-CLI-008,validation/evidence/VT-CLI-008.json
STAKE-001;STAKE-002,GOAL-005;GOAL-006,UC-001;UC-002;UC-003;UC-004;UC-005;UC-006;UC-007;UC-008;UC-012,CLI-008,ARC-CLI,ARC-CLI,,TASK-0801,VT-CLI-008,validation/evidence/VT-CLI-008.json
STAKE-001;STAKE-002,GOAL-005;GOAL-006,UC-001;UC-002;UC-003;UC-004;UC-005;UC-006;UC-007;UC-008;UC-012,CLI-009,ARC-CLI,IF-CLI,,TASK-0801,VT-CLI-009,validation/evidence/VT-CLI-009.json
STAKE-001;STAKE-002,GOAL-005;GOAL-006,UC-001;UC-002;UC-003;UC-004;UC-005;UC-006;UC-007;UC-008;UC-012,CLI-010,ARC-CLI,ARC-CLI,,TASK-0801,VT-CLI-010,validation/evidence/VT-CLI-010.json
STAKE-001;STAKE-002,GOAL-005;GOAL-006,UC-001;UC-002;UC-003;UC-004;UC-005;UC-006;UC-007;UC-008;UC-012,CLI-011,ARC-CLI,ARC-CLI,,TASK-0801,VT-CLI-011,validation/evidence/VT-CLI-011.json
STAKE-001;STAKE-002,GOAL-005;GOAL-006,UC-001;UC-002;UC-003;UC-004;UC-005;UC-006;UC-007;UC-008;UC-012,CLI-012,ARC-CLI,ARC-CLI,,TASK-0801,VT-CLI-012,validation/evidence/VT-CLI-012.json
STAKE-001;STAKE-002,GOAL-005;GOAL-006,UC-001;UC-002;UC-003;UC-004;UC-005;UC-006;UC-007;UC-008;UC-012,CLI-013,ARC-CLI,ARC-CLI,,TASK-0801,VT-CLI-013,validation/evidence/VT-CLI-013.json
STAKE-001;STAKE-002,GOAL-005;GOAL-006,UC-001;UC-002;UC-003;UC-004;UC-005;UC-006;UC-007;UC-008;UC-012,CLI-014,ARC-CLI,ARC-CLI,,TASK-0002,VT-CLI-014,validation/evidence/VT-CLI-014.json
STAKE-001;STAKE-002,GOAL-005;GOAL-006,UC-001;UC-002;UC-003;UC-004;UC-005;UC-006;UC-007;UC-008;UC-012,CLI-014,ARC-CLI,ARC-CLI,,TASK-0801,VT-CLI-014,validation/evidence/VT-CLI-014.json
STAKE-001;STAKE-002,GOAL-005;GOAL-006,UC-001;UC-002;UC-003;UC-004;UC-005;UC-006;UC-007;UC-008;UC-012,CLI-015,ARC-CLI,ARC-CLI,,TASK-0310,VT-CLI-015,validation/evidence/VT-CLI-015.json
STAKE-001;STAKE-002,GOAL-005;GOAL-006,UC-001;UC-002;UC-003;UC-004;UC-005;UC-006;UC-007;UC-008;UC-012,CLI-015,ARC-CLI,ARC-CLI,,TASK-0801,VT-CLI-015,validation/evidence/VT-CLI-015.json
STAKE-001;STAKE-002,GOAL-005;GOAL-006,UC-001;UC-002;UC-003;UC-004;UC-005;UC-006;UC-007;UC-008;UC-012,CLI-016,ARC-CLI,ARC-CLI,,TASK-0602,VT-CLI-016,validation/evidence/VT-CLI-016.json
STAKE-001;STAKE-002,GOAL-005;GOAL-006,UC-001;UC-002;UC-003;UC-004;UC-005;UC-006;UC-007;UC-008;UC-012,CLI-016,ARC-CLI,ARC-CLI,,TASK-0801,VT-CLI-016,validation/evidence/VT-CLI-016.json
STAKE-001;STAKE-002,GOAL-005;GOAL-006,UC-001;UC-002;UC-003;UC-004;UC-005;UC-006;UC-007;UC-008;UC-012,CLI-017,ARC-TARGET;ARC-CLI,ARC-TARGET;ARC-CLI,,TASK-0307,VT-CLI-017,validation/evidence/VT-CLI-017.json
STAKE-001;STAKE-002,GOAL-005;GOAL-006,UC-001;UC-002;UC-003;UC-004;UC-005;UC-006;UC-007;UC-008;UC-012,CLI-017,ARC-TARGET;ARC-CLI,ARC-TARGET;ARC-CLI,,TASK-0801,VT-CLI-017,validation/evidence/VT-CLI-017.json
STAKE-006;STAKE-007,GOAL-006,UC-003;UC-004;UC-009;UC-010,API-001,ARC-COMPILER,ARC-COMPILER,,TASK-0002,VT-API-001,validation/evidence/VT-API-001.json
STAKE-006;STAKE-007,GOAL-006,UC-003;UC-004;UC-009;UC-010,API-001,ARC-COMPILER,ARC-COMPILER,,TASK-0102,VT-API-001,validation/evidence/VT-API-001.json
STAKE-006;STAKE-007,GOAL-006,UC-003;UC-004;UC-009;UC-010,API-002,ARC-COMPILER,IF-SCHEMA,ADR-013;ADR-019,TASK-0002,VT-API-002,validation/evidence/VT-API-002.json
STAKE-006;STAKE-007,GOAL-006,UC-003;UC-004;UC-009;UC-010,API-003,ARC-COMPILER,ARC-COMPILER,ADR-013,TASK-0001,VT-API-003,validation/evidence/VT-API-003.json
STAKE-006;STAKE-007,GOAL-006,UC-003;UC-004;UC-009;UC-010,API-004,ARC-SIGN;ARC-OBS-CMD;ARC-OBS-HTTP,ARC-SIGN;ARC-OBS-CMD;ARC-OBS-HTTP,ADR-013;ADR-022,TASK-0401,VT-API-004,validation/evidence/VT-API-004.json
STAKE-006;STAKE-007,GOAL-006,UC-003;UC-004;UC-009;UC-010,API-004,ARC-SIGN;ARC-OBS-CMD;ARC-OBS-HTTP,ARC-SIGN;ARC-OBS-CMD;ARC-OBS-HTTP,ADR-013;ADR-022,TASK-0501,VT-API-004,validation/evidence/VT-API-004.json
STAKE-006;STAKE-007,GOAL-006,UC-003;UC-004;UC-009;UC-010,API-005,ARC-COMPILER,ARC-COMPILER,,TASK-0810,VT-API-005,validation/evidence/VT-API-005.json
STAKE-004;STAKE-006,GOAL-001;GOAL-003,UC-004;UC-005;UC-008,DATA-001,ARC-JOURNAL,IF-JOURNAL,ADR-004;ADR-007,TASK-0201,VT-DATA-001,validation/evidence/VT-DATA-001.json
STAKE-004;STAKE-006,GOAL-001;GOAL-003,UC-004;UC-005;UC-008,DATA-001,ARC-JOURNAL,IF-JOURNAL,ADR-004;ADR-007,TASK-0311,VT-DATA-001,validation/evidence/VT-DATA-001.json
STAKE-004;STAKE-006,GOAL-001;GOAL-003,UC-004;UC-005;UC-008,DATA-002,ARC-MANIFEST;ARC-JOURNAL,ARC-MANIFEST;ARC-JOURNAL,ADR-004;ADR-007,TASK-0101,VT-DATA-002,validation/evidence/VT-DATA-002.json
STAKE-004;STAKE-006,GOAL-001;GOAL-003,UC-004;UC-005;UC-008,DATA-002,ARC-MANIFEST;ARC-JOURNAL,ARC-MANIFEST;ARC-JOURNAL,ADR-004;ADR-007,TASK-0109,VT-DATA-002,validation/evidence/VT-DATA-002.json
STAKE-004;STAKE-006,GOAL-001;GOAL-003,UC-004;UC-005;UC-008,DATA-003,ARC-FIXTURE;ARC-MANIFEST,ARC-FIXTURE;ARC-MANIFEST,ADR-004;ADR-007,TASK-0107,VT-DATA-003,validation/evidence/VT-DATA-003.json
STAKE-004;STAKE-006,GOAL-001;GOAL-003,UC-004;UC-005;UC-008,DATA-003,ARC-FIXTURE;ARC-MANIFEST,ARC-FIXTURE;ARC-MANIFEST,ADR-004;ADR-007,TASK-0109,VT-DATA-003,validation/evidence/VT-DATA-003.json
STAKE-004;STAKE-006,GOAL-001;GOAL-003,UC-004;UC-005;UC-008,DATA-004,ARC-MANIFEST,ARC-MANIFEST,,TASK-0109,VT-DATA-004,validation/evidence/VT-DATA-004.json
STAKE-004;STAKE-006,GOAL-001;GOAL-003,UC-004;UC-005;UC-008,DATA-004,ARC-MANIFEST,ARC-MANIFEST,,TASK-0110,VT-DATA-004,validation/evidence/VT-DATA-004.json
STAKE-004;STAKE-006,GOAL-001;GOAL-003,UC-004;UC-005;UC-008,DATA-005,ARC-MANIFEST,ARC-MANIFEST,,TASK-0101,VT-DATA-005,validation/evidence/VT-DATA-005.json
STAKE-004;STAKE-006,GOAL-001;GOAL-003,UC-004;UC-005;UC-008,DATA-005,ARC-MANIFEST,ARC-MANIFEST,,TASK-0109,VT-DATA-005,validation/evidence/VT-DATA-005.json
STAKE-004;STAKE-006,GOAL-001;GOAL-003,UC-004;UC-005;UC-008,DATA-006,ARC-PRNG;ARC-MANIFEST,ARC-PRNG;ARC-MANIFEST,ADR-008,TASK-0101,VT-DATA-006,validation/evidence/VT-DATA-006.json
STAKE-004;STAKE-006,GOAL-001;GOAL-003,UC-004;UC-005;UC-008,DATA-006,ARC-PRNG;ARC-MANIFEST,ARC-PRNG;ARC-MANIFEST,ADR-008,TASK-0103,VT-DATA-006,validation/evidence/VT-DATA-006.json
STAKE-004;STAKE-006,GOAL-001;GOAL-003,UC-004;UC-005;UC-008,DATA-007,ARC-JOURNAL,ARC-JOURNAL,ADR-008,TASK-0003,VT-DATA-007,validation/evidence/VT-DATA-007.json
STAKE-004;STAKE-006,GOAL-001;GOAL-003,UC-004;UC-005;UC-008,DATA-007,ARC-JOURNAL,ARC-JOURNAL,ADR-008,TASK-0601,VT-DATA-007,validation/evidence/VT-DATA-007.json
STAKE-004;STAKE-006,GOAL-001;GOAL-003,UC-004;UC-005;UC-008,DATA-008,ARC-JOURNAL,ARC-JOURNAL,ADR-021,TASK-0202,VT-DATA-008,validation/evidence/VT-DATA-008.json
STAKE-004;STAKE-006,GOAL-001;GOAL-003,UC-004;UC-005;UC-008,DATA-009,ARC-JOURNAL,ARC-JOURNAL,,TASK-0201,VT-DATA-009,validation/evidence/VT-DATA-009.json
STAKE-004;STAKE-006,GOAL-001;GOAL-003,UC-004;UC-005;UC-008,DATA-009,ARC-JOURNAL,ARC-JOURNAL,,TASK-0203,VT-DATA-009,validation/evidence/VT-DATA-009.json
STAKE-004;STAKE-006,GOAL-001;GOAL-003,UC-004;UC-005;UC-008,DATA-010,ARC-JOURNAL,ARC-JOURNAL,,TASK-0203,VT-DATA-010,validation/evidence/VT-DATA-010.json
STAKE-004;STAKE-006,GOAL-001;GOAL-003,UC-004;UC-005;UC-008,DATA-011,ARC-JOURNAL,ARC-JOURNAL,,TASK-0203,VT-DATA-011,validation/evidence/VT-DATA-011.json
STAKE-004;STAKE-006,GOAL-001;GOAL-003,UC-004;UC-005;UC-008,DATA-011,ARC-JOURNAL,ARC-JOURNAL,,TASK-0806,VT-DATA-011,validation/evidence/VT-DATA-011.json
STAKE-004;STAKE-006,GOAL-001;GOAL-003,UC-004;UC-005;UC-008,DATA-012,ARC-JOURNAL,ARC-JOURNAL,,TASK-0202,VT-DATA-012,validation/evidence/VT-DATA-012.json
STAKE-004;STAKE-006,GOAL-001;GOAL-003,UC-004;UC-005;UC-008,DATA-013,ARC-JOURNAL,ARC-JOURNAL,,TASK-0202,VT-DATA-013,validation/evidence/VT-DATA-013.json
STAKE-004;STAKE-006,GOAL-001;GOAL-003,UC-004;UC-005;UC-008,DATA-014,ARC-JOURNAL,ARC-JOURNAL,,TASK-0202,VT-DATA-014,validation/evidence/VT-DATA-014.json
STAKE-004;STAKE-006,GOAL-001;GOAL-003,UC-004;UC-005;UC-008,DATA-014,ARC-JOURNAL,ARC-JOURNAL,,TASK-0203,VT-DATA-014,validation/evidence/VT-DATA-014.json
STAKE-004;STAKE-006,GOAL-001;GOAL-003,UC-004;UC-005;UC-008,DATA-015,ARC-JOURNAL,ARC-JOURNAL,,TASK-0202,VT-DATA-015,validation/evidence/VT-DATA-015.json
STAKE-004;STAKE-006,GOAL-001;GOAL-003,UC-004;UC-005;UC-008,DATA-016,ARC-JOURNAL,ARC-JOURNAL,,TASK-0204,VT-DATA-016,validation/evidence/VT-DATA-016.json
STAKE-004;STAKE-006,GOAL-001;GOAL-003,UC-004;UC-005;UC-008,DATA-017,ARC-JOURNAL,ARC-JOURNAL,,TASK-0201,VT-DATA-017,validation/evidence/VT-DATA-017.json
STAKE-004;STAKE-006,GOAL-001;GOAL-003,UC-004;UC-005;UC-008,DATA-018,ARC-JOURNAL,ARC-JOURNAL,,TASK-0205,VT-DATA-018,validation/evidence/VT-DATA-018.json
STAKE-004;STAKE-006,GOAL-001;GOAL-003,UC-004;UC-005;UC-008,DATA-018,ARC-JOURNAL,ARC-JOURNAL,,TASK-0207,VT-DATA-018,validation/evidence/VT-DATA-018.json
STAKE-004;STAKE-006,GOAL-001;GOAL-003,UC-004;UC-005;UC-008,DATA-019,ARC-JOURNAL,ARC-JOURNAL,,TASK-0205,VT-DATA-019,validation/evidence/VT-DATA-019.json
STAKE-004;STAKE-006,GOAL-001;GOAL-003,UC-004;UC-005;UC-008,DATA-019,ARC-JOURNAL,ARC-JOURNAL,,TASK-0605,VT-DATA-019,validation/evidence/VT-DATA-019.json
STAKE-004;STAKE-006,GOAL-001;GOAL-003,UC-004;UC-005;UC-008,DATA-020,ARC-JOURNAL,ARC-JOURNAL,,TASK-0605,VT-DATA-020,validation/evidence/VT-DATA-020.json
STAKE-004;STAKE-006,GOAL-001;GOAL-003,UC-004;UC-005;UC-008,DATA-020,ARC-JOURNAL,ARC-JOURNAL,,TASK-0806,VT-DATA-020,validation/evidence/VT-DATA-020.json
STAKE-004;STAKE-006,GOAL-001;GOAL-003,UC-004;UC-005;UC-008,DATA-021,ARC-JOURNAL,ARC-JOURNAL,,TASK-0801,VT-DATA-021,validation/evidence/VT-DATA-021.json
STAKE-004,GOAL-003,UC-004;UC-005,STATE-001,ARC-JOURNAL;ARC-RECOVERY,ARC-JOURNAL;ARC-RECOVERY,,TASK-0201,VT-STATE-001,validation/evidence/VT-STATE-001.json
STAKE-004,GOAL-003,UC-004;UC-005,STATE-001,ARC-JOURNAL;ARC-RECOVERY,ARC-JOURNAL;ARC-RECOVERY,,TASK-0203,VT-STATE-001,validation/evidence/VT-STATE-001.json
STAKE-004,GOAL-003,UC-004;UC-005,STATE-002,ARC-JOURNAL;ARC-RECOVERY,ARC-JOURNAL;ARC-RECOVERY,,TASK-0203,VT-STATE-002,validation/evidence/VT-STATE-002.json
STAKE-004,GOAL-003,UC-004;UC-005,STATE-003,ARC-JOURNAL;ARC-RECOVERY,ARC-JOURNAL;ARC-RECOVERY,,TASK-0203,VT-STATE-003,validation/evidence/VT-STATE-003.json
STAKE-004,GOAL-003,UC-004;UC-005,STATE-004,ARC-JOURNAL;ARC-RECOVERY,ARC-JOURNAL;ARC-RECOVERY,,TASK-0203,VT-STATE-004,validation/evidence/VT-STATE-004.json
STAKE-004,GOAL-003,UC-004;UC-005,STATE-004,ARC-JOURNAL;ARC-RECOVERY,ARC-JOURNAL;ARC-RECOVERY,,TASK-0309,VT-STATE-004,validation/evidence/VT-STATE-004.json
STAKE-004,GOAL-003,UC-004;UC-005,STATE-005,ARC-JOURNAL;ARC-RECOVERY,ARC-JOURNAL;ARC-RECOVERY,,TASK-0203,VT-STATE-005,validation/evidence/VT-STATE-005.json
STAKE-004,GOAL-003,UC-004;UC-005,STATE-005,ARC-JOURNAL;ARC-RECOVERY,ARC-JOURNAL;ARC-RECOVERY,,TASK-0504,VT-STATE-005,validation/evidence/VT-STATE-005.json
STAKE-004,GOAL-003,UC-004;UC-005,STATE-006,ARC-JOURNAL;ARC-RECOVERY,ARC-JOURNAL;ARC-RECOVERY,,TASK-0203,VT-STATE-006,validation/evidence/VT-STATE-006.json
STAKE-004,GOAL-003,UC-004;UC-005,STATE-006,ARC-JOURNAL;ARC-RECOVERY,ARC-JOURNAL;ARC-RECOVERY,,TASK-0508,VT-STATE-006,validation/evidence/VT-STATE-006.json
STAKE-004,GOAL-003,UC-004;UC-005,STATE-007,ARC-JOURNAL;ARC-RECOVERY,IF-JOURNAL,ADR-003,TASK-0203,VT-STATE-007,validation/evidence/VT-STATE-007.json
STAKE-004,GOAL-003,UC-004;UC-005,STATE-008,ARC-JOURNAL;ARC-RECOVERY,IF-LIFECYCLE,ADR-009,TASK-0203,VT-STATE-008,validation/evidence/VT-STATE-008.json
STAKE-004,GOAL-003,UC-004;UC-005,STATE-009,ARC-JOURNAL;ARC-RECOVERY,ARC-JOURNAL;ARC-RECOVERY,,TASK-0203,VT-STATE-009,validation/evidence/VT-STATE-009.json
STAKE-004,GOAL-003,UC-004;UC-005,STATE-009,ARC-JOURNAL;ARC-RECOVERY,ARC-JOURNAL;ARC-RECOVERY,,TASK-0301,VT-STATE-009,validation/evidence/VT-STATE-009.json
STAKE-004,GOAL-003,UC-004;UC-005,STATE-010,ARC-JOURNAL;ARC-RECOVERY,ARC-JOURNAL;ARC-RECOVERY,,TASK-0203,VT-STATE-010,validation/evidence/VT-STATE-010.json
STAKE-004,GOAL-003,UC-004;UC-005,STATE-011,ARC-JOURNAL;ARC-RECOVERY,ARC-JOURNAL;ARC-RECOVERY,,TASK-0203,VT-STATE-011,validation/evidence/VT-STATE-011.json
STAKE-004,GOAL-003,UC-004;UC-005,STATE-011,ARC-JOURNAL;ARC-RECOVERY,ARC-JOURNAL;ARC-RECOVERY,,TASK-0206,VT-STATE-011,validation/evidence/VT-STATE-011.json
STAKE-004,GOAL-003,UC-004;UC-005,STATE-012,ARC-JOURNAL;ARC-RECOVERY,ARC-JOURNAL;ARC-RECOVERY,,TASK-0203,VT-STATE-012,validation/evidence/VT-STATE-012.json
STAKE-004,GOAL-003,UC-004;UC-005,STATE-012,ARC-JOURNAL;ARC-RECOVERY,ARC-JOURNAL;ARC-RECOVERY,,TASK-0508,VT-STATE-012,validation/evidence/VT-STATE-012.json
STAKE-004,GOAL-003,UC-004;UC-005,STATE-013,ARC-JOURNAL;ARC-RECOVERY,ARC-JOURNAL;ARC-RECOVERY,,TASK-0203,VT-STATE-013,validation/evidence/VT-STATE-013.json
STAKE-004,GOAL-003,UC-004;UC-005,STATE-013,ARC-JOURNAL;ARC-RECOVERY,ARC-JOURNAL;ARC-RECOVERY,,TASK-0806,VT-STATE-013,validation/evidence/VT-STATE-013.json
STAKE-004,GOAL-003,UC-004;UC-005,STATE-014,ARC-JOURNAL;ARC-RECOVERY,ARC-JOURNAL;ARC-RECOVERY,,TASK-0003,VT-STATE-014,validation/evidence/VT-STATE-014.json
STAKE-004,GOAL-003,UC-004;UC-005,STATE-014,ARC-JOURNAL;ARC-RECOVERY,ARC-JOURNAL;ARC-RECOVERY,,TASK-0203,VT-STATE-014,validation/evidence/VT-STATE-014.json
STAKE-001;STAKE-004,GOAL-001;GOAL-003,UC-003;UC-004;UC-006,SCHED-001,ARC-CLOCK,IF-PLAN,ADR-005;ADR-021,TASK-0301,VT-SCHED-001,validation/evidence/VT-SCHED-001.json
STAKE-001;STAKE-004,GOAL-001;GOAL-003,UC-003;UC-004;UC-006,SCHED-002,ARC-CLOCK,ARC-CLOCK,ADR-021,TASK-0301,VT-SCHED-002,validation/evidence/VT-SCHED-002.json
STAKE-001;STAKE-004,GOAL-001;GOAL-003,UC-003;UC-004;UC-006,SCHED-003,ARC-CLOCK,IF-PLAN,ADR-021,TASK-0104,VT-SCHED-003,validation/evidence/VT-SCHED-003.json
STAKE-001;STAKE-004,GOAL-001;GOAL-003,UC-003;UC-004;UC-006,SCHED-003,ARC-CLOCK,IF-PLAN,ADR-021,TASK-0301,VT-SCHED-003,validation/evidence/VT-SCHED-003.json
STAKE-001;STAKE-004,GOAL-001;GOAL-003,UC-003;UC-004;UC-006,SCHED-004,ARC-CLOCK;ARC-SCHED,IF-SCHED,ADR-005,TASK-0301,VT-SCHED-004,validation/evidence/VT-SCHED-004.json
STAKE-001;STAKE-004,GOAL-001;GOAL-003,UC-003;UC-004;UC-006,SCHED-005,ARC-CLOCK;ARC-SCHED,ARC-CLOCK;ARC-SCHED,ADR-005,TASK-0104,VT-SCHED-005,validation/evidence/VT-SCHED-005.json
STAKE-001;STAKE-004,GOAL-001;GOAL-003,UC-003;UC-004;UC-006,SCHED-005,ARC-CLOCK;ARC-SCHED,ARC-CLOCK;ARC-SCHED,ADR-005,TASK-0301,VT-SCHED-005,validation/evidence/VT-SCHED-005.json
STAKE-001;STAKE-004,GOAL-001;GOAL-003,UC-003;UC-004;UC-006,SCHED-006,ARC-CLOCK;ARC-SCHED,ARC-CLOCK;ARC-SCHED,ADR-006,TASK-0104,VT-SCHED-006,validation/evidence/VT-SCHED-006.json
STAKE-001;STAKE-004,GOAL-001;GOAL-003,UC-003;UC-004;UC-006,SCHED-006,ARC-CLOCK;ARC-SCHED,ARC-CLOCK;ARC-SCHED,ADR-006,TASK-0301,VT-SCHED-006,validation/evidence/VT-SCHED-006.json
STAKE-001;STAKE-004,GOAL-001;GOAL-003,UC-003;UC-004;UC-006,SCHED-007,ARC-CLOCK;ARC-SCHED,IF-SCHED,ADR-006;ADR-023,TASK-0301,VT-SCHED-007,validation/evidence/VT-SCHED-007.json
STAKE-001;STAKE-004,GOAL-001;GOAL-003,UC-003;UC-004;UC-006,SCHED-007,ARC-CLOCK;ARC-SCHED,IF-SCHED,ADR-006;ADR-023,TASK-0308,VT-SCHED-007,validation/evidence/VT-SCHED-007.json
STAKE-001;STAKE-004,GOAL-001;GOAL-003,UC-003;UC-004;UC-006,SCHED-008,ARC-PRNG,ARC-PRNG,ADR-006;ADR-023,TASK-0103,VT-SCHED-008,validation/evidence/VT-SCHED-008.json
STAKE-001;STAKE-004,GOAL-001;GOAL-003,UC-003;UC-004;UC-006,SCHED-009,ARC-PRNG,ARC-PRNG,ADR-006;ADR-023,TASK-0103,VT-SCHED-009,validation/evidence/VT-SCHED-009.json
STAKE-001;STAKE-004,GOAL-001;GOAL-003,UC-003;UC-004;UC-006,SCHED-010,ARC-PRNG,ARC-PRNG,ADR-023,TASK-0103,VT-SCHED-010,validation/evidence/VT-SCHED-010.json
STAKE-001;STAKE-004,GOAL-001;GOAL-003,UC-003;UC-004;UC-006,SCHED-011,ARC-MANIFEST,ARC-MANIFEST,,TASK-0109,VT-SCHED-011,validation/evidence/VT-SCHED-011.json
STAKE-001;STAKE-004,GOAL-001;GOAL-003,UC-003;UC-004;UC-006,SCHED-012,ARC-PRNG,ARC-PRNG,ADR-003,TASK-0103,VT-SCHED-012,validation/evidence/VT-SCHED-012.json
STAKE-001;STAKE-004,GOAL-001;GOAL-003,UC-003;UC-004;UC-006,SCHED-013,ARC-CLOCK;ARC-SCHED,ARC-CLOCK;ARC-SCHED,,TASK-0103,VT-SCHED-013,validation/evidence/VT-SCHED-013.json
STAKE-001;STAKE-004,GOAL-001;GOAL-003,UC-003;UC-004;UC-006,SCHED-013,ARC-CLOCK;ARC-SCHED,ARC-CLOCK;ARC-SCHED,,TASK-0304,VT-SCHED-013,validation/evidence/VT-SCHED-013.json
STAKE-001;STAKE-004,GOAL-001;GOAL-003,UC-003;UC-004;UC-006,SCHED-014,ARC-CLOCK;ARC-SCHED,ARC-CLOCK;ARC-SCHED,,TASK-0302,VT-SCHED-014,validation/evidence/VT-SCHED-014.json
STAKE-001;STAKE-004,GOAL-001;GOAL-003,UC-003;UC-004;UC-006,SCHED-015,ARC-CLOCK;ARC-SCHED,ARC-CLOCK;ARC-SCHED,,TASK-0303,VT-SCHED-015,validation/evidence/VT-SCHED-015.json
STAKE-001;STAKE-004,GOAL-001;GOAL-003,UC-003;UC-004;UC-006,SCHED-016,ARC-CLOCK;ARC-SCHED,ARC-CLOCK;ARC-SCHED,,TASK-0304,VT-SCHED-016,validation/evidence/VT-SCHED-016.json
STAKE-001;STAKE-004,GOAL-001;GOAL-003,UC-003;UC-004;UC-006,SCHED-016,ARC-CLOCK;ARC-SCHED,ARC-CLOCK;ARC-SCHED,,TASK-0308,VT-SCHED-016,validation/evidence/VT-SCHED-016.json
STAKE-001;STAKE-004,GOAL-001;GOAL-003,UC-003;UC-004;UC-006,SCHED-017,ARC-MANIFEST;ARC-SCHED,ARC-MANIFEST;ARC-SCHED,,TASK-0109,VT-SCHED-017,validation/evidence/VT-SCHED-017.json
STAKE-001;STAKE-004,GOAL-001;GOAL-003,UC-003;UC-004;UC-006,SCHED-017,ARC-MANIFEST;ARC-SCHED,ARC-MANIFEST;ARC-SCHED,,TASK-0304,VT-SCHED-017,validation/evidence/VT-SCHED-017.json
STAKE-001;STAKE-004,GOAL-001;GOAL-003,UC-003;UC-004;UC-006,SCHED-018,ARC-CLOCK;ARC-SCHED,ARC-CLOCK;ARC-SCHED,,TASK-0302,VT-SCHED-018,validation/evidence/VT-SCHED-018.json
STAKE-001;STAKE-004,GOAL-001;GOAL-003,UC-003;UC-004;UC-006,SCHED-018,ARC-CLOCK;ARC-SCHED,ARC-CLOCK;ARC-SCHED,,TASK-0207,VT-SCHED-018,validation/evidence/VT-SCHED-018.json
STAKE-001;STAKE-004,GOAL-001;GOAL-003,UC-003;UC-004;UC-006,SCHED-019,ARC-CLOCK;ARC-SCHED,ARC-CLOCK;ARC-SCHED,,TASK-0301,VT-SCHED-019,validation/evidence/VT-SCHED-019.json
STAKE-001;STAKE-005,GOAL-001;GOAL-004,UC-004,HTTP-001,ARC-TARGET;ARC-HTTP,ARC-TARGET;ARC-HTTP,,TASK-0104,VT-HTTP-001,validation/evidence/VT-HTTP-001.json
STAKE-001;STAKE-005,GOAL-001;GOAL-004,UC-004,HTTP-001,ARC-TARGET;ARC-HTTP,ARC-TARGET;ARC-HTTP,,TASK-0308,VT-HTTP-001,validation/evidence/VT-HTTP-001.json
STAKE-001;STAKE-005,GOAL-001;GOAL-004,UC-004,HTTP-002,ARC-TARGET,ARC-TARGET,,TASK-0305,VT-HTTP-002,validation/evidence/VT-HTTP-002.json
STAKE-001;STAKE-005,GOAL-001;GOAL-004,UC-004,HTTP-003,ARC-TARGET;ARC-HTTP,IF-HTTP,ADR-014,TASK-0308,VT-HTTP-003,validation/evidence/VT-HTTP-003.json
STAKE-001;STAKE-005,GOAL-001;GOAL-004,UC-004,HTTP-004,ARC-TARGET;ARC-HTTP,ARC-TARGET;ARC-HTTP,ADR-014,TASK-0308,VT-HTTP-004,validation/evidence/VT-HTTP-004.json
STAKE-001;STAKE-005,GOAL-001;GOAL-004,UC-004,HTTP-005,ARC-TARGET;ARC-HTTP,ARC-TARGET;ARC-HTTP,,TASK-0308,VT-HTTP-005,validation/evidence/VT-HTTP-005.json
STAKE-001;STAKE-005,GOAL-001;GOAL-004,UC-004,HTTP-006,ARC-TARGET;ARC-HTTP,IF-HTTP,,TASK-0104,VT-HTTP-006,validation/evidence/VT-HTTP-006.json
STAKE-001;STAKE-005,GOAL-001;GOAL-004,UC-004,HTTP-006,ARC-TARGET;ARC-HTTP,IF-HTTP,,TASK-0308,VT-HTTP-006,validation/evidence/VT-HTTP-006.json
STAKE-001;STAKE-005,GOAL-001;GOAL-004,UC-004,HTTP-007,ARC-TARGET;ARC-HTTP,ARC-TARGET;ARC-HTTP,,TASK-0308,VT-HTTP-007,validation/evidence/VT-HTTP-007.json
STAKE-001;STAKE-005,GOAL-001;GOAL-004,UC-004,HTTP-008,ARC-TARGET;ARC-HTTP,ARC-TARGET;ARC-HTTP,,TASK-0308,VT-HTTP-008,validation/evidence/VT-HTTP-008.json
STAKE-001;STAKE-005,GOAL-001;GOAL-004,UC-004,HTTP-009,ARC-TARGET;ARC-HTTP,ARC-TARGET;ARC-HTTP,,TASK-0308,VT-HTTP-009,validation/evidence/VT-HTTP-009.json
STAKE-001;STAKE-005,GOAL-001;GOAL-004,UC-004,HTTP-010,ARC-TARGET;ARC-HTTP,ARC-TARGET;ARC-HTTP,,TASK-0308,VT-HTTP-010,validation/evidence/VT-HTTP-010.json
STAKE-001;STAKE-005,GOAL-001;GOAL-004,UC-004,HTTP-011,ARC-TARGET;ARC-HTTP,ARC-TARGET;ARC-HTTP,,TASK-0308,VT-HTTP-011,validation/evidence/VT-HTTP-011.json
STAKE-001;STAKE-005,GOAL-001;GOAL-004,UC-004,HTTP-012,ARC-TARGET;ARC-HTTP,ARC-TARGET;ARC-HTTP,,TASK-0308,VT-HTTP-012,validation/evidence/VT-HTTP-012.json
STAKE-001;STAKE-005,GOAL-001;GOAL-004,UC-004,HTTP-013,ARC-TARGET;ARC-HTTP,ARC-TARGET;ARC-HTTP,,TASK-0104,VT-HTTP-013,validation/evidence/VT-HTTP-013.json
STAKE-001;STAKE-005,GOAL-001;GOAL-004,UC-004,HTTP-013,ARC-TARGET;ARC-HTTP,ARC-TARGET;ARC-HTTP,,TASK-0308,VT-HTTP-013,validation/evidence/VT-HTTP-013.json
STAKE-001;STAKE-005,GOAL-001;GOAL-004,UC-004,HTTP-014,ARC-TARGET;ARC-HTTP,ARC-TARGET;ARC-HTTP,,TASK-0308,VT-HTTP-014,validation/evidence/VT-HTTP-014.json
STAKE-001;STAKE-005,GOAL-001;GOAL-004,UC-004,HTTP-015,ARC-TARGET;ARC-HTTP,ARC-TARGET;ARC-HTTP,,TASK-0308,VT-HTTP-015,validation/evidence/VT-HTTP-015.json
STAKE-001;STAKE-005,GOAL-001;GOAL-004,UC-004,HTTP-016,ARC-TARGET;ARC-HTTP,ARC-TARGET;ARC-HTTP,,TASK-0107,VT-HTTP-016,validation/evidence/VT-HTTP-016.json
STAKE-001;STAKE-005,GOAL-001;GOAL-004,UC-004,HTTP-016,ARC-TARGET;ARC-HTTP,ARC-TARGET;ARC-HTTP,,TASK-0308,VT-HTTP-016,validation/evidence/VT-HTTP-016.json
STAKE-001;STAKE-005,GOAL-001;GOAL-004,UC-004,HTTP-017,ARC-TARGET;ARC-HTTP,ARC-TARGET;ARC-HTTP,,TASK-0104,VT-HTTP-017,validation/evidence/VT-HTTP-017.json
STAKE-001;STAKE-005,GOAL-001;GOAL-004,UC-004,HTTP-018,ARC-TARGET;ARC-HTTP,ARC-TARGET;ARC-HTTP,,TASK-0308,VT-HTTP-018,validation/evidence/VT-HTTP-018.json
STAKE-001;STAKE-005,GOAL-001;GOAL-004,UC-004,HTTP-019,ARC-TARGET;ARC-HTTP,ARC-TARGET;ARC-HTTP,,TASK-0308,VT-HTTP-019,validation/evidence/VT-HTTP-019.json
STAKE-001;STAKE-005,GOAL-001;GOAL-004,UC-004,HTTP-020,ARC-TARGET;ARC-HTTP,ARC-TARGET;ARC-HTTP,,TASK-0308,VT-HTTP-020,validation/evidence/VT-HTTP-020.json
STAKE-001;STAKE-005,GOAL-001;GOAL-004,UC-004,HTTP-020,ARC-TARGET;ARC-HTTP,ARC-TARGET;ARC-HTTP,,TASK-0309,VT-HTTP-020,validation/evidence/VT-HTTP-020.json
STAKE-001;STAKE-005,GOAL-001;GOAL-004,UC-004,HTTP-021,ARC-TARGET;ARC-HTTP,ARC-TARGET;ARC-HTTP,,TASK-0309,VT-HTTP-021,validation/evidence/VT-HTTP-021.json
STAKE-001;STAKE-005,GOAL-001;GOAL-004,UC-004,HTTP-021,ARC-TARGET;ARC-HTTP,ARC-TARGET;ARC-HTTP,,TASK-0806,VT-HTTP-021,validation/evidence/VT-HTTP-021.json
STAKE-001;STAKE-005,GOAL-001;GOAL-004,UC-004,HTTP-022,ARC-TARGET;ARC-HTTP,ARC-TARGET;ARC-HTTP,,TASK-0306,VT-HTTP-022,validation/evidence/VT-HTTP-022.json
STAKE-001;STAKE-005,GOAL-001;GOAL-004,UC-004,HTTP-022,ARC-TARGET;ARC-HTTP,ARC-TARGET;ARC-HTTP,,TASK-0308,VT-HTTP-022,validation/evidence/VT-HTTP-022.json
STAKE-001;STAKE-005,GOAL-001;GOAL-004,UC-004,HTTP-023,ARC-TARGET,ARC-TARGET,,TASK-0306,VT-HTTP-023,validation/evidence/VT-HTTP-023.json
STAKE-001;STAKE-005,GOAL-001;GOAL-004,UC-004,HTTP-024,ARC-TARGET,ARC-TARGET,,TASK-0307,VT-HTTP-024,validation/evidence/VT-HTTP-024.json
STAKE-001;STAKE-005,GOAL-001;GOAL-004,UC-004,HTTP-025,ARC-TARGET;ARC-HTTP,ARC-TARGET;ARC-HTTP,,TASK-0308,VT-HTTP-025,validation/evidence/VT-HTTP-025.json
STAKE-001;STAKE-005,GOAL-001;GOAL-004,UC-004,HTTP-026,ARC-TARGET;ARC-HTTP,ARC-TARGET;ARC-HTTP,,TASK-0308,VT-HTTP-026,validation/evidence/VT-HTTP-026.json
STAKE-001;STAKE-005,GOAL-001;GOAL-004,UC-004,HTTP-026,ARC-TARGET;ARC-HTTP,ARC-TARGET;ARC-HTTP,,TASK-0310,VT-HTTP-026,validation/evidence/VT-HTTP-026.json
STAKE-001;STAKE-005,GOAL-001;GOAL-004,UC-009,SIG-001,ARC-SIGN,IF-SIGNER,ADR-011;ADR-024,TASK-0401,VT-SIG-001,validation/evidence/VT-SIG-001.json
STAKE-001;STAKE-005,GOAL-001;GOAL-004,UC-009,SIG-002,ARC-SIGN,IF-SIGNER,,TASK-0401,VT-SIG-002,validation/evidence/VT-SIG-002.json
STAKE-001;STAKE-005,GOAL-001;GOAL-004,UC-009,SIG-003,ARC-SIGN,ARC-SIGN,,TASK-0401,VT-SIG-003,validation/evidence/VT-SIG-003.json
STAKE-001;STAKE-005,GOAL-001;GOAL-004,UC-009,SIG-003,ARC-SIGN,ARC-SIGN,,TASK-0108,VT-SIG-003,validation/evidence/VT-SIG-003.json
STAKE-001;STAKE-005,GOAL-001;GOAL-004,UC-009,SIG-004,ARC-REF,ARC-REF,,TASK-0701,VT-SIG-004,validation/evidence/VT-SIG-004.json
STAKE-001;STAKE-005,GOAL-001;GOAL-004,UC-009,SIG-005,ARC-SIGN,ARC-SIGN,,TASK-0401,VT-SIG-005,validation/evidence/VT-SIG-005.json
STAKE-001;STAKE-005,GOAL-001;GOAL-004,UC-009,SIG-005,ARC-SIGN,ARC-SIGN,,TASK-0109,VT-SIG-005,validation/evidence/VT-SIG-005.json
STAKE-001;STAKE-005,GOAL-001;GOAL-004,UC-009,SIG-006,ARC-REF,ARC-REF,ADR-024,TASK-0701,VT-SIG-006,validation/evidence/VT-SIG-006.json
STAKE-001;STAKE-005,GOAL-001;GOAL-004,UC-009,SIG-006,ARC-REF,ARC-REF,ADR-024,TASK-0705,VT-SIG-006,validation/evidence/VT-SIG-006.json
STAKE-001;STAKE-005,GOAL-001;GOAL-004,UC-009,SIG-007,ARC-SIGN,ARC-SIGN,,TASK-0406,VT-SIG-007,validation/evidence/VT-SIG-007.json
STAKE-001;STAKE-005,GOAL-001;GOAL-004,UC-009,SIG-008,ARC-SIGN,ARC-SIGN,ADR-011,TASK-0406,VT-SIG-008,validation/evidence/VT-SIG-008.json
STAKE-001;STAKE-005,GOAL-001;GOAL-004,UC-009,SIG-009,ARC-SIGN,IF-SIGNER,ADR-011;ADR-024,TASK-0404,VT-SIG-009,validation/evidence/VT-SIG-009.json
STAKE-001;STAKE-005,GOAL-001;GOAL-004,UC-009,SIG-009,ARC-SIGN,IF-SIGNER,ADR-011;ADR-024,TASK-0406,VT-SIG-009,validation/evidence/VT-SIG-009.json
STAKE-001;STAKE-005,GOAL-001;GOAL-004,UC-009,SIG-010,ARC-MUT;ARC-SIGN,ARC-MUT;ARC-SIGN,ADR-011,TASK-0404,VT-SIG-010,validation/evidence/VT-SIG-010.json
STAKE-001;STAKE-005,GOAL-001;GOAL-004,UC-009,SIG-010,ARC-MUT;ARC-SIGN,ARC-MUT;ARC-SIGN,ADR-011,TASK-0406,VT-SIG-010,validation/evidence/VT-SIG-010.json
STAKE-001;STAKE-005,GOAL-001;GOAL-004,UC-009,SIG-011,ARC-SECRET;ARC-SIGN,ARC-SECRET;ARC-SIGN,,TASK-0106,VT-SIG-011,validation/evidence/VT-SIG-011.json
STAKE-001;STAKE-005,GOAL-001;GOAL-004,UC-009,SIG-011,ARC-SECRET;ARC-SIGN,ARC-SECRET;ARC-SIGN,,TASK-0401,VT-SIG-011,validation/evidence/VT-SIG-011.json
STAKE-001;STAKE-005,GOAL-001;GOAL-004,UC-009,SIG-012,ARC-SIGN,ARC-SIGN,,TASK-0106,VT-SIG-012,validation/evidence/VT-SIG-012.json
STAKE-001;STAKE-005,GOAL-001;GOAL-004,UC-009,SIG-012,ARC-SIGN,ARC-SIGN,,TASK-0601,VT-SIG-012,validation/evidence/VT-SIG-012.json
STAKE-001;STAKE-005,GOAL-001;GOAL-004,UC-009,SIG-013,ARC-SIGN,ARC-SIGN,,TASK-0403,VT-SIG-013,validation/evidence/VT-SIG-013.json
STAKE-001;STAKE-005,GOAL-001;GOAL-004,UC-009,SIG-014,ARC-SIGN,ARC-SIGN,,TASK-0402,VT-SIG-014,validation/evidence/VT-SIG-014.json
STAKE-001;STAKE-005,GOAL-001;GOAL-004,UC-009,SIG-015,ARC-SIGN,ARC-SIGN,ADR-024,TASK-0403,VT-SIG-015,validation/evidence/VT-SIG-015.json
STAKE-001;STAKE-005,GOAL-001;GOAL-004,UC-009,SIG-016,ARC-SIGN,ARC-SIGN,,TASK-0106,VT-SIG-016,validation/evidence/VT-SIG-016.json
STAKE-001;STAKE-005,GOAL-001;GOAL-004,UC-009,SIG-016,ARC-SIGN,ARC-SIGN,,TASK-0401,VT-SIG-016,validation/evidence/VT-SIG-016.json
STAKE-001;STAKE-005,GOAL-001;GOAL-004,UC-009,SIG-017,ARC-SIGN,ARC-SIGN,,TASK-0810,VT-SIG-017,validation/evidence/VT-SIG-017.json
STAKE-001;STAKE-005,GOAL-001;GOAL-004,UC-009,SIG-018,ARC-REF,ARC-REF,,TASK-0701,VT-SIG-018,validation/evidence/VT-SIG-018.json
STAKE-001;STAKE-002,GOAL-001,UC-003;UC-004;UC-011,MUT-001,ARC-MUT,IF-MUTATION,ADR-012,TASK-0404,VT-MUT-001,validation/evidence/VT-MUT-001.json
STAKE-001;STAKE-002,GOAL-001,UC-003;UC-004;UC-011,MUT-002,ARC-MUT,ARC-MUT,ADR-012,TASK-0109,VT-MUT-002,validation/evidence/VT-MUT-002.json
STAKE-001;STAKE-002,GOAL-001,UC-003;UC-004;UC-011,MUT-002,ARC-MUT,ARC-MUT,ADR-012,TASK-0407,VT-MUT-002,validation/evidence/VT-MUT-002.json
STAKE-001;STAKE-002,GOAL-001,UC-003;UC-004;UC-011,MUT-003,ARC-MUT,ARC-MUT,ADR-012,TASK-0404,VT-MUT-003,validation/evidence/VT-MUT-003.json
STAKE-001;STAKE-002,GOAL-001,UC-003;UC-004;UC-011,MUT-004,ARC-MUT,ARC-MUT,ADR-012,TASK-0405,VT-MUT-004,validation/evidence/VT-MUT-004.json
STAKE-001;STAKE-002,GOAL-001,UC-003;UC-004;UC-011,MUT-005,ARC-MUT,ARC-MUT,,TASK-0405,VT-MUT-005,validation/evidence/VT-MUT-005.json
STAKE-001;STAKE-002,GOAL-001,UC-003;UC-004;UC-011,MUT-006,ARC-MUT,ARC-MUT,,TASK-0405,VT-MUT-006,validation/evidence/VT-MUT-006.json
STAKE-001;STAKE-002,GOAL-001,UC-003;UC-004;UC-011,MUT-007,ARC-MUT,ARC-MUT,,TASK-0405,VT-MUT-007,validation/evidence/VT-MUT-007.json
STAKE-001;STAKE-002,GOAL-001,UC-003;UC-004;UC-011,MUT-008,ARC-MUT,ARC-MUT,,TASK-0405,VT-MUT-008,validation/evidence/VT-MUT-008.json
STAKE-001;STAKE-002,GOAL-001,UC-003;UC-004;UC-011,MUT-009,ARC-MUT,IF-MUTATION,,TASK-0405,VT-MUT-009,validation/evidence/VT-MUT-009.json
STAKE-001;STAKE-002,GOAL-001,UC-003;UC-004;UC-011,MUT-010,ARC-MUT,ARC-MUT,,TASK-0405,VT-MUT-010,validation/evidence/VT-MUT-010.json
STAKE-001;STAKE-002,GOAL-001,UC-003;UC-004;UC-011,MUT-011,ARC-MUT,ARC-MUT,,TASK-0405,VT-MUT-011,validation/evidence/VT-MUT-011.json
STAKE-001;STAKE-002,GOAL-001,UC-003;UC-004;UC-011,MUT-012,ARC-MUT,ARC-MUT,,TASK-0406,VT-MUT-012,validation/evidence/VT-MUT-012.json
STAKE-001;STAKE-002,GOAL-001,UC-003;UC-004;UC-011,MUT-013,ARC-MUT,ARC-MUT,,TASK-0406,VT-MUT-013,validation/evidence/VT-MUT-013.json
STAKE-001;STAKE-002,GOAL-001,UC-003;UC-004;UC-011,MUT-014,ARC-MUT,ARC-MUT,,TASK-0406,VT-MUT-014,validation/evidence/VT-MUT-014.json
STAKE-001;STAKE-002,GOAL-001,UC-003;UC-004;UC-011,MUT-015,ARC-MUT,ARC-MUT,,TASK-0406,VT-MUT-015,validation/evidence/VT-MUT-015.json
STAKE-001;STAKE-002,GOAL-001,UC-003;UC-004;UC-011,MUT-016,ARC-MUT,ARC-MUT,,TASK-0406,VT-MUT-016,validation/evidence/VT-MUT-016.json
STAKE-001;STAKE-002,GOAL-001,UC-003;UC-004;UC-011,MUT-017,ARC-MUT,ARC-MUT,,TASK-0406,VT-MUT-017,validation/evidence/VT-MUT-017.json
STAKE-001;STAKE-002,GOAL-001,UC-003;UC-004;UC-011,MUT-018,ARC-MUT,ARC-MUT,,TASK-0108,VT-MUT-018,validation/evidence/VT-MUT-018.json
STAKE-001;STAKE-002,GOAL-001,UC-003;UC-004;UC-011,MUT-018,ARC-MUT,ARC-MUT,,TASK-0404,VT-MUT-018,validation/evidence/VT-MUT-018.json
STAKE-001;STAKE-002,GOAL-001,UC-003;UC-004;UC-011,MUT-019,ARC-MUT,ARC-MUT,,TASK-0404,VT-MUT-019,validation/evidence/VT-MUT-019.json
STAKE-001;STAKE-002,GOAL-001,UC-003;UC-004;UC-011,MUT-019,ARC-MUT,ARC-MUT,,TASK-0604,VT-MUT-019,validation/evidence/VT-MUT-019.json
STAKE-001;STAKE-002,GOAL-001,UC-003;UC-004;UC-011,MUT-020,ARC-MUT,ARC-MUT,,TASK-0810,VT-MUT-020,validation/evidence/VT-MUT-020.json
STAKE-001;STAKE-002,GOAL-001,UC-003;UC-004;UC-011,MUT-021,ARC-MUT,ARC-MUT,,TASK-0810,VT-MUT-021,validation/evidence/VT-MUT-021.json
STAKE-001;STAKE-002,GOAL-001,UC-003;UC-004;UC-011,MUT-022,ARC-MUT,ARC-MUT,,TASK-0810,VT-MUT-022,validation/evidence/VT-MUT-022.json
STAKE-001;STAKE-003,GOAL-002,UC-010,OBS-001,ARC-OBS-CMD;ARC-OBS-HTTP,IF-OBSERVER-CMD,ADR-010,TASK-0501,VT-OBS-001,validation/evidence/VT-OBS-001.json
STAKE-001;STAKE-003,GOAL-002,UC-010,OBS-001,ARC-OBS-CMD;ARC-OBS-HTTP,IF-OBSERVER-CMD,ADR-010,TASK-0502,VT-OBS-001,validation/evidence/VT-OBS-001.json
STAKE-001;STAKE-003,GOAL-002,UC-010,OBS-002,ARC-OBS-CMD;ARC-OBS-HTTP,IF-OBSERVER-HTTP,ADR-010,TASK-0502,VT-OBS-002,validation/evidence/VT-OBS-002.json
STAKE-001;STAKE-003,GOAL-002,UC-010,OBS-003,ARC-OBS-CMD;ARC-OBS-HTTP,IF-OBSERVER-HTTP,,TASK-0502,VT-OBS-003,validation/evidence/VT-OBS-003.json
STAKE-001;STAKE-003,GOAL-002,UC-010,OBS-004,ARC-OBS-CMD;ARC-OBS-HTTP,ARC-OBS-CMD;ARC-OBS-HTTP,ADR-010,TASK-0502,VT-OBS-004,validation/evidence/VT-OBS-004.json
STAKE-001;STAKE-003,GOAL-002,UC-010,OBS-005,ARC-OBS-CMD;ARC-OBS-HTTP,ARC-OBS-CMD;ARC-OBS-HTTP,,TASK-0502,VT-OBS-005,validation/evidence/VT-OBS-005.json
STAKE-001;STAKE-003,GOAL-002,UC-010,OBS-006,ARC-OBS-CMD;ARC-OBS-HTTP,ARC-OBS-CMD;ARC-OBS-HTTP,,TASK-0502,VT-OBS-006,validation/evidence/VT-OBS-006.json
STAKE-001;STAKE-003,GOAL-002,UC-010,OBS-007,ARC-OBS-CMD;ARC-OBS-HTTP,ARC-OBS-CMD;ARC-OBS-HTTP,,TASK-0502,VT-OBS-007,validation/evidence/VT-OBS-007.json
STAKE-001;STAKE-003,GOAL-002,UC-010,OBS-008,ARC-OBS-CMD;ARC-OBS-HTTP,ARC-OBS-CMD;ARC-OBS-HTTP,,TASK-0502,VT-OBS-008,validation/evidence/VT-OBS-008.json
STAKE-001;STAKE-003,GOAL-002,UC-010,OBS-008,ARC-OBS-CMD;ARC-OBS-HTTP,ARC-OBS-CMD;ARC-OBS-HTTP,,TASK-0503,VT-OBS-008,validation/evidence/VT-OBS-008.json
STAKE-001;STAKE-003,GOAL-002,UC-010,OBS-008,ARC-OBS-CMD;ARC-OBS-HTTP,ARC-OBS-CMD;ARC-OBS-HTTP,,TASK-0504,VT-OBS-008,validation/evidence/VT-OBS-008.json
STAKE-001;STAKE-003,GOAL-002,UC-010,OBS-009,ARC-OBS-CMD;ARC-OBS-HTTP,ARC-OBS-CMD;ARC-OBS-HTTP,,TASK-0501,VT-OBS-009,validation/evidence/VT-OBS-009.json
STAKE-001;STAKE-003,GOAL-002,UC-010,OBS-009,ARC-OBS-CMD;ARC-OBS-HTTP,ARC-OBS-CMD;ARC-OBS-HTTP,,TASK-0503,VT-OBS-009,validation/evidence/VT-OBS-009.json
STAKE-001;STAKE-003,GOAL-002,UC-010,OBS-010,ARC-OBS-CMD;ARC-OBS-HTTP,ARC-OBS-CMD;ARC-OBS-HTTP,,TASK-0106,VT-OBS-010,validation/evidence/VT-OBS-010.json
STAKE-001;STAKE-003,GOAL-002,UC-010,OBS-010,ARC-OBS-CMD;ARC-OBS-HTTP,ARC-OBS-CMD;ARC-OBS-HTTP,,TASK-0503,VT-OBS-010,validation/evidence/VT-OBS-010.json
STAKE-001;STAKE-003,GOAL-002,UC-010,OBS-011,ARC-OBS-CMD;ARC-OBS-HTTP,ARC-OBS-CMD;ARC-OBS-HTTP,ADR-003,TASK-0306,VT-OBS-011,validation/evidence/VT-OBS-011.json
STAKE-001;STAKE-003,GOAL-002,UC-010,OBS-011,ARC-OBS-CMD;ARC-OBS-HTTP,ARC-OBS-CMD;ARC-OBS-HTTP,ADR-003,TASK-0503,VT-OBS-011,validation/evidence/VT-OBS-011.json
STAKE-001;STAKE-003,GOAL-002,UC-010,OBS-012,ARC-OBS-CMD;ARC-OBS-HTTP,ARC-OBS-CMD;ARC-OBS-HTTP,,TASK-0501,VT-OBS-012,validation/evidence/VT-OBS-012.json
STAKE-001;STAKE-003,GOAL-002,UC-010,OBS-012,ARC-OBS-CMD;ARC-OBS-HTTP,ARC-OBS-CMD;ARC-OBS-HTTP,,TASK-0504,VT-OBS-012,validation/evidence/VT-OBS-012.json
STAKE-001;STAKE-003,GOAL-002,UC-010,OBS-013,ARC-OBS-CMD;ARC-OBS-HTTP,ARC-OBS-CMD;ARC-OBS-HTTP,,TASK-0501,VT-OBS-013,validation/evidence/VT-OBS-013.json
STAKE-001;STAKE-003,GOAL-002,UC-010,OBS-013,ARC-OBS-CMD;ARC-OBS-HTTP,ARC-OBS-CMD;ARC-OBS-HTTP,,TASK-0701,VT-OBS-013,validation/evidence/VT-OBS-013.json
STAKE-001;STAKE-003,GOAL-002,UC-010,OBS-014,ARC-OBS-CMD;ARC-OBS-HTTP,ARC-OBS-CMD;ARC-OBS-HTTP,,TASK-0501,VT-OBS-014,validation/evidence/VT-OBS-014.json
STAKE-001;STAKE-003,GOAL-002,UC-010,OBS-015,ARC-OBS-CMD;ARC-OBS-HTTP,ARC-OBS-CMD;ARC-OBS-HTTP,,TASK-0501,VT-OBS-015,validation/evidence/VT-OBS-015.json
STAKE-001;STAKE-003,GOAL-002,UC-010,OBS-016,ARC-OBS-CMD;ARC-OBS-HTTP,ARC-OBS-CMD;ARC-OBS-HTTP,,TASK-0501,VT-OBS-016,validation/evidence/VT-OBS-016.json
STAKE-001;STAKE-003,GOAL-002,UC-010,OBS-016,ARC-OBS-CMD;ARC-OBS-HTTP,ARC-OBS-CMD;ARC-OBS-HTTP,,TASK-0504,VT-OBS-016,validation/evidence/VT-OBS-016.json
STAKE-001;STAKE-003,GOAL-002,UC-010,OBS-016,ARC-OBS-CMD;ARC-OBS-HTTP,ARC-OBS-CMD;ARC-OBS-HTTP,,TASK-0509,VT-OBS-016,validation/evidence/VT-OBS-016.json
STAKE-001;STAKE-003,GOAL-002,UC-010,OBS-017,ARC-OBS-CMD;ARC-OBS-HTTP,ARC-OBS-CMD;ARC-OBS-HTTP,,TASK-0104,VT-OBS-017,validation/evidence/VT-OBS-017.json
STAKE-001;STAKE-003,GOAL-002,UC-010,OBS-017,ARC-OBS-CMD;ARC-OBS-HTTP,ARC-OBS-CMD;ARC-OBS-HTTP,,TASK-0504,VT-OBS-017,validation/evidence/VT-OBS-017.json
STAKE-001;STAKE-003,GOAL-002,UC-010,OBS-018,ARC-OBS-CMD;ARC-OBS-HTTP,ARC-OBS-CMD;ARC-OBS-HTTP,,TASK-0504,VT-OBS-018,validation/evidence/VT-OBS-018.json
STAKE-001;STAKE-003,GOAL-002,UC-010,OBS-019,ARC-OBS-CMD;ARC-OBS-HTTP,ARC-OBS-CMD;ARC-OBS-HTTP,,TASK-0502,VT-OBS-019,validation/evidence/VT-OBS-019.json
STAKE-001;STAKE-003,GOAL-002,UC-010,OBS-019,ARC-OBS-CMD;ARC-OBS-HTTP,ARC-OBS-CMD;ARC-OBS-HTTP,,TASK-0503,VT-OBS-019,validation/evidence/VT-OBS-019.json
STAKE-001;STAKE-003,GOAL-002,UC-010,OBS-019,ARC-OBS-CMD;ARC-OBS-HTTP,ARC-OBS-CMD;ARC-OBS-HTTP,,TASK-0601,VT-OBS-019,validation/evidence/VT-OBS-019.json
STAKE-001;STAKE-003,GOAL-002,UC-010,OBS-020,ARC-OBS-CMD;ARC-OBS-HTTP,ARC-OBS-CMD;ARC-OBS-HTTP,,TASK-0501,VT-OBS-020,validation/evidence/VT-OBS-020.json
STAKE-001;STAKE-003,GOAL-002,UC-010,OBS-020,ARC-OBS-CMD;ARC-OBS-HTTP,ARC-OBS-CMD;ARC-OBS-HTTP,,TASK-0508,VT-OBS-020,validation/evidence/VT-OBS-020.json
STAKE-001;STAKE-003,GOAL-002,UC-010,OBS-021,ARC-OBS-CMD;ARC-OBS-HTTP,ARC-OBS-CMD;ARC-OBS-HTTP,,TASK-0810,VT-OBS-021,validation/evidence/VT-OBS-021.json
STAKE-001;STAKE-003,GOAL-002,UC-010,OBS-022,ARC-OBS-CMD;ARC-OBS-HTTP,ARC-OBS-CMD;ARC-OBS-HTTP,,TASK-0810,VT-OBS-022,validation/evidence/VT-OBS-022.json
STAKE-001;STAKE-002,GOAL-002,UC-011,ASSERT-001,ARC-ASSERT,IF-ASSERT,,TASK-0505,VT-ASSERT-001,validation/evidence/VT-ASSERT-001.json
STAKE-001;STAKE-002,GOAL-002,UC-011,ASSERT-002,ARC-ASSERT,ARC-ASSERT,,TASK-0505,VT-ASSERT-002,validation/evidence/VT-ASSERT-002.json
STAKE-001;STAKE-002,GOAL-002,UC-011,ASSERT-003,ARC-ASSERT,ARC-ASSERT,,TASK-0308,VT-ASSERT-003,validation/evidence/VT-ASSERT-003.json
STAKE-001;STAKE-002,GOAL-002,UC-011,ASSERT-003,ARC-ASSERT,ARC-ASSERT,,TASK-0505,VT-ASSERT-003,validation/evidence/VT-ASSERT-003.json
STAKE-001;STAKE-002,GOAL-002,UC-011,ASSERT-004,ARC-ASSERT,ARC-ASSERT,,TASK-0506,VT-ASSERT-004,validation/evidence/VT-ASSERT-004.json
STAKE-001;STAKE-002,GOAL-002,UC-011,ASSERT-005,ARC-ASSERT,ARC-ASSERT,,TASK-0506,VT-ASSERT-005,validation/evidence/VT-ASSERT-005.json
STAKE-001;STAKE-002,GOAL-002,UC-011,ASSERT-006,ARC-ASSERT,ARC-ASSERT,,TASK-0506,VT-ASSERT-006,validation/evidence/VT-ASSERT-006.json
STAKE-001;STAKE-002,GOAL-002,UC-011,ASSERT-007,ARC-ASSERT,ARC-ASSERT,,TASK-0506,VT-ASSERT-007,validation/evidence/VT-ASSERT-007.json
STAKE-001;STAKE-002,GOAL-002,UC-011,ASSERT-008,ARC-ASSERT,ARC-ASSERT,,TASK-0506,VT-ASSERT-008,validation/evidence/VT-ASSERT-008.json
STAKE-001;STAKE-002,GOAL-002,UC-011,ASSERT-009,ARC-ASSERT,IF-ASSERT,ADR-010,TASK-0506,VT-ASSERT-009,validation/evidence/VT-ASSERT-009.json
STAKE-001;STAKE-002,GOAL-002,UC-011,ASSERT-010,ARC-ASSERT,ARC-ASSERT,,TASK-0507,VT-ASSERT-010,validation/evidence/VT-ASSERT-010.json
STAKE-001;STAKE-002,GOAL-002,UC-011,ASSERT-011,ARC-ASSERT,ARC-ASSERT,,TASK-0507,VT-ASSERT-011,validation/evidence/VT-ASSERT-011.json
STAKE-001;STAKE-002,GOAL-002,UC-011,ASSERT-012,ARC-ASSERT,ARC-ASSERT,,TASK-0504,VT-ASSERT-012,validation/evidence/VT-ASSERT-012.json
STAKE-001;STAKE-002,GOAL-002,UC-011,ASSERT-012,ARC-ASSERT,ARC-ASSERT,,TASK-0507,VT-ASSERT-012,validation/evidence/VT-ASSERT-012.json
STAKE-001;STAKE-002,GOAL-002,UC-011,ASSERT-013,ARC-ASSERT,ARC-ASSERT,,TASK-0508,VT-ASSERT-013,validation/evidence/VT-ASSERT-013.json
STAKE-001;STAKE-002,GOAL-002,UC-011,ASSERT-014,ARC-ASSERT,ARC-ASSERT,,TASK-0508,VT-ASSERT-014,validation/evidence/VT-ASSERT-014.json
STAKE-001;STAKE-002,GOAL-002,UC-011,ASSERT-015,ARC-ASSERT,ARC-ASSERT,,TASK-0508,VT-ASSERT-015,validation/evidence/VT-ASSERT-015.json
STAKE-001;STAKE-002,GOAL-002,UC-011,ASSERT-016,ARC-ASSERT,ARC-ASSERT,,TASK-0501,VT-ASSERT-016,validation/evidence/VT-ASSERT-016.json
STAKE-001;STAKE-002,GOAL-002,UC-011,ASSERT-016,ARC-ASSERT,ARC-ASSERT,,TASK-0508,VT-ASSERT-016,validation/evidence/VT-ASSERT-016.json
STAKE-001;STAKE-002,GOAL-002,UC-011,ASSERT-017,ARC-ASSERT,ARC-ASSERT,,TASK-0810,VT-ASSERT-017,validation/evidence/VT-ASSERT-017.json
STAKE-002;STAKE-004,GOAL-005,UC-007;UC-008;UC-012,REPORT-001,ARC-REPORT-JSON;ARC-REPORT-JUNIT;ARC-REPORT-HTML,IF-REPORT,ADR-025,TASK-0109,VT-REPORT-001,validation/evidence/VT-REPORT-001.json
STAKE-002;STAKE-004,GOAL-005,UC-007;UC-008;UC-012,REPORT-001,ARC-REPORT-JSON;ARC-REPORT-JUNIT;ARC-REPORT-HTML,IF-REPORT,ADR-025,TASK-0601,VT-REPORT-001,validation/evidence/VT-REPORT-001.json
STAKE-002;STAKE-004,GOAL-005,UC-007;UC-008;UC-012,REPORT-002,ARC-REPORT-JSON;ARC-REPORT-JUNIT;ARC-REPORT-HTML,ARC-REPORT-JSON;ARC-REPORT-JUNIT;ARC-REPORT-HTML,,TASK-0601,VT-REPORT-002,validation/evidence/VT-REPORT-002.json
STAKE-002;STAKE-004,GOAL-005,UC-007;UC-008;UC-012,REPORT-003,ARC-REPORT-JSON;ARC-REPORT-JUNIT;ARC-REPORT-HTML,ARC-REPORT-JSON;ARC-REPORT-JUNIT;ARC-REPORT-HTML,ADR-015,TASK-0601,VT-REPORT-003,validation/evidence/VT-REPORT-003.json
STAKE-002;STAKE-004,GOAL-005,UC-007;UC-008;UC-012,REPORT-004,ARC-REPORT-JSON;ARC-REPORT-JUNIT;ARC-REPORT-HTML,ARC-REPORT-JSON;ARC-REPORT-JUNIT;ARC-REPORT-HTML,ADR-015,TASK-0601,VT-REPORT-004,validation/evidence/VT-REPORT-004.json
STAKE-002;STAKE-004,GOAL-005,UC-007;UC-008;UC-012,REPORT-005,ARC-REPORT-JSON;ARC-REPORT-JUNIT;ARC-REPORT-HTML,IF-REPORT,ADR-015,TASK-0601,VT-REPORT-005,validation/evidence/VT-REPORT-005.json
STAKE-002;STAKE-004,GOAL-005,UC-007;UC-008;UC-012,REPORT-005,ARC-REPORT-JSON;ARC-REPORT-JUNIT;ARC-REPORT-HTML,IF-REPORT,ADR-015,TASK-0602,VT-REPORT-005,validation/evidence/VT-REPORT-005.json
STAKE-002;STAKE-004,GOAL-005,UC-007;UC-008;UC-012,REPORT-006,ARC-REPORT-JSON;ARC-REPORT-JUNIT;ARC-REPORT-HTML,ARC-REPORT-JSON;ARC-REPORT-JUNIT;ARC-REPORT-HTML,ADR-025,TASK-0601,VT-REPORT-006,validation/evidence/VT-REPORT-006.json
STAKE-002;STAKE-004,GOAL-005,UC-007;UC-008;UC-012,REPORT-007,ARC-REPORT-JSON;ARC-REPORT-JUNIT;ARC-REPORT-HTML,ARC-REPORT-JSON;ARC-REPORT-JUNIT;ARC-REPORT-HTML,ADR-015,TASK-0003,VT-REPORT-007,validation/evidence/VT-REPORT-007.json
STAKE-002;STAKE-004,GOAL-005,UC-007;UC-008;UC-012,REPORT-007,ARC-REPORT-JSON;ARC-REPORT-JUNIT;ARC-REPORT-HTML,ARC-REPORT-JSON;ARC-REPORT-JUNIT;ARC-REPORT-HTML,ADR-015,TASK-0601,VT-REPORT-007,validation/evidence/VT-REPORT-007.json
STAKE-002;STAKE-004,GOAL-005,UC-007;UC-008;UC-012,REPORT-008,ARC-REPORT-JSON;ARC-REPORT-JUNIT;ARC-REPORT-HTML,ARC-REPORT-JSON;ARC-REPORT-JUNIT;ARC-REPORT-HTML,,TASK-0601,VT-REPORT-008,validation/evidence/VT-REPORT-008.json
STAKE-002;STAKE-004,GOAL-005,UC-007;UC-008;UC-012,REPORT-008,ARC-REPORT-JSON;ARC-REPORT-JUNIT;ARC-REPORT-HTML,ARC-REPORT-JSON;ARC-REPORT-JUNIT;ARC-REPORT-HTML,,TASK-0606,VT-REPORT-008,validation/evidence/VT-REPORT-008.json
STAKE-002;STAKE-004,GOAL-005,UC-007;UC-008;UC-012,REPORT-009,ARC-REPORT-JSON;ARC-REPORT-JUNIT;ARC-REPORT-HTML,ARC-REPORT-JSON;ARC-REPORT-JUNIT;ARC-REPORT-HTML,,TASK-0601,VT-REPORT-009,validation/evidence/VT-REPORT-009.json
STAKE-002;STAKE-004,GOAL-005,UC-007;UC-008;UC-012,REPORT-009,ARC-REPORT-JSON;ARC-REPORT-JUNIT;ARC-REPORT-HTML,ARC-REPORT-JSON;ARC-REPORT-JUNIT;ARC-REPORT-HTML,,TASK-0603,VT-REPORT-009,validation/evidence/VT-REPORT-009.json
STAKE-002;STAKE-004,GOAL-005,UC-007;UC-008;UC-012,REPORT-009,ARC-REPORT-JSON;ARC-REPORT-JUNIT;ARC-REPORT-HTML,ARC-REPORT-JSON;ARC-REPORT-JUNIT;ARC-REPORT-HTML,,TASK-0604,VT-REPORT-009,validation/evidence/VT-REPORT-009.json
STAKE-002;STAKE-004,GOAL-005,UC-007;UC-008;UC-012,REPORT-010,ARC-REPORT-JSON;ARC-REPORT-JUNIT;ARC-REPORT-HTML,ARC-REPORT-JSON;ARC-REPORT-JUNIT;ARC-REPORT-HTML,,TASK-0603,VT-REPORT-010,validation/evidence/VT-REPORT-010.json
STAKE-002;STAKE-004,GOAL-005,UC-007;UC-008;UC-012,REPORT-011,ARC-REPORT-JSON;ARC-REPORT-JUNIT;ARC-REPORT-HTML,ARC-REPORT-JSON;ARC-REPORT-JUNIT;ARC-REPORT-HTML,ADR-025,TASK-0603,VT-REPORT-011,validation/evidence/VT-REPORT-011.json
STAKE-002;STAKE-004,GOAL-005,UC-007;UC-008;UC-012,REPORT-012,ARC-REPORT-JSON;ARC-REPORT-JUNIT;ARC-REPORT-HTML,ARC-REPORT-JSON;ARC-REPORT-JUNIT;ARC-REPORT-HTML,,TASK-0603,VT-REPORT-012,validation/evidence/VT-REPORT-012.json
STAKE-002;STAKE-004,GOAL-005,UC-007;UC-008;UC-012,REPORT-013,ARC-REPORT-JSON;ARC-REPORT-JUNIT;ARC-REPORT-HTML,ARC-REPORT-JSON;ARC-REPORT-JUNIT;ARC-REPORT-HTML,,TASK-0603,VT-REPORT-013,validation/evidence/VT-REPORT-013.json
STAKE-002;STAKE-004,GOAL-005,UC-007;UC-008;UC-012,REPORT-014,ARC-REPORT-JSON;ARC-REPORT-JUNIT;ARC-REPORT-HTML,ARC-REPORT-JSON;ARC-REPORT-JUNIT;ARC-REPORT-HTML,,TASK-0603,VT-REPORT-014,validation/evidence/VT-REPORT-014.json
STAKE-002;STAKE-004,GOAL-005,UC-007;UC-008;UC-012,REPORT-015,ARC-REPORT-JSON;ARC-REPORT-JUNIT;ARC-REPORT-HTML,ARC-REPORT-JSON;ARC-REPORT-JUNIT;ARC-REPORT-HTML,ADR-025,TASK-0603,VT-REPORT-015,validation/evidence/VT-REPORT-015.json
STAKE-002;STAKE-004,GOAL-005,UC-007;UC-008;UC-012,REPORT-016,ARC-REPORT-JSON;ARC-REPORT-JUNIT;ARC-REPORT-HTML,ARC-REPORT-JSON;ARC-REPORT-JUNIT;ARC-REPORT-HTML,,TASK-0603,VT-REPORT-016,validation/evidence/VT-REPORT-016.json
STAKE-002;STAKE-004,GOAL-005,UC-007;UC-008;UC-012,REPORT-017,ARC-REPORT-JSON;ARC-REPORT-JUNIT;ARC-REPORT-HTML,ARC-REPORT-JSON;ARC-REPORT-JUNIT;ARC-REPORT-HTML,,TASK-0604,VT-REPORT-017,validation/evidence/VT-REPORT-017.json
STAKE-002;STAKE-004,GOAL-005,UC-007;UC-008;UC-012,REPORT-018,ARC-REPORT-JSON;ARC-REPORT-JUNIT;ARC-REPORT-HTML,ARC-REPORT-JSON;ARC-REPORT-JUNIT;ARC-REPORT-HTML,,TASK-0604,VT-REPORT-018,validation/evidence/VT-REPORT-018.json
STAKE-002;STAKE-004,GOAL-005,UC-007;UC-008;UC-012,REPORT-019,ARC-REPORT-JSON;ARC-REPORT-JUNIT;ARC-REPORT-HTML,ARC-REPORT-JSON;ARC-REPORT-JUNIT;ARC-REPORT-HTML,,TASK-0604,VT-REPORT-019,validation/evidence/VT-REPORT-019.json
STAKE-002;STAKE-004,GOAL-005,UC-007;UC-008;UC-012,REPORT-020,ARC-REPORT-JSON;ARC-REPORT-JUNIT;ARC-REPORT-HTML,ARC-REPORT-JSON;ARC-REPORT-JUNIT;ARC-REPORT-HTML,,TASK-0601,VT-REPORT-020,validation/evidence/VT-REPORT-020.json
STAKE-002;STAKE-004,GOAL-005,UC-007;UC-008;UC-012,REPORT-020,ARC-REPORT-JSON;ARC-REPORT-JUNIT;ARC-REPORT-HTML,ARC-REPORT-JSON;ARC-REPORT-JUNIT;ARC-REPORT-HTML,,TASK-0604,VT-REPORT-020,validation/evidence/VT-REPORT-020.json
STAKE-002;STAKE-004,GOAL-005,UC-007;UC-008;UC-012,REPORT-021,ARC-REPORT-JSON;ARC-REPORT-JUNIT;ARC-REPORT-HTML,ARC-REPORT-JSON;ARC-REPORT-JUNIT;ARC-REPORT-HTML,,TASK-0605,VT-REPORT-021,validation/evidence/VT-REPORT-021.json
STAKE-002;STAKE-004,GOAL-005,UC-007;UC-008;UC-012,REPORT-022,ARC-REPORT-JSON;ARC-REPORT-JUNIT;ARC-REPORT-HTML,ARC-REPORT-JSON;ARC-REPORT-JUNIT;ARC-REPORT-HTML,,TASK-0602,VT-REPORT-022,validation/evidence/VT-REPORT-022.json
STAKE-002;STAKE-004,GOAL-005,UC-007;UC-008;UC-012,REPORT-023,ARC-REPORT-JSON;ARC-REPORT-JUNIT;ARC-REPORT-HTML,ARC-REPORT-JSON;ARC-REPORT-JUNIT;ARC-REPORT-HTML,,TASK-0809,VT-REPORT-023,validation/evidence/VT-REPORT-023.json
STAKE-005,GOAL-004,UC-002;UC-004,SEC-001,ARC-TARGET;ARC-SECRET,IF-HTTP,ADR-014,TASK-0305,VT-SEC-001,validation/evidence/VT-SEC-001.json
STAKE-005,GOAL-004,UC-002;UC-004,SEC-001,ARC-TARGET;ARC-SECRET,IF-HTTP,ADR-014,TASK-0805,VT-SEC-001,validation/evidence/VT-SEC-001.json
STAKE-005,GOAL-004,UC-002;UC-004,SEC-002,ARC-TARGET;ARC-SECRET,ARC-TARGET;ARC-SECRET,ADR-014,TASK-0305,VT-SEC-002,validation/evidence/VT-SEC-002.json
STAKE-005,GOAL-004,UC-002;UC-004,SEC-002,ARC-TARGET;ARC-SECRET,ARC-TARGET;ARC-SECRET,ADR-014,TASK-0805,VT-SEC-002,validation/evidence/VT-SEC-002.json
STAKE-005,GOAL-004,UC-002;UC-004,SEC-003,ARC-TARGET;ARC-SECRET,ARC-TARGET;ARC-SECRET,ADR-014,TASK-0305,VT-SEC-003,validation/evidence/VT-SEC-003.json
STAKE-005,GOAL-004,UC-002;UC-004,SEC-003,ARC-TARGET;ARC-SECRET,ARC-TARGET;ARC-SECRET,ADR-014,TASK-0307,VT-SEC-003,validation/evidence/VT-SEC-003.json
STAKE-005,GOAL-004,UC-002;UC-004,SEC-003,ARC-TARGET;ARC-SECRET,ARC-TARGET;ARC-SECRET,ADR-014,TASK-0805,VT-SEC-003,validation/evidence/VT-SEC-003.json
STAKE-005,GOAL-004,UC-002;UC-004,SEC-004,ARC-TARGET;ARC-SECRET,ARC-TARGET;ARC-SECRET,ADR-014,TASK-0307,VT-SEC-004,validation/evidence/VT-SEC-004.json
STAKE-005,GOAL-004,UC-002;UC-004,SEC-004,ARC-TARGET;ARC-SECRET,ARC-TARGET;ARC-SECRET,ADR-014,TASK-0805,VT-SEC-004,validation/evidence/VT-SEC-004.json
STAKE-005,GOAL-004,UC-002;UC-004,SEC-005,ARC-TARGET;ARC-SECRET,ARC-TARGET;ARC-SECRET,,TASK-0305,VT-SEC-005,validation/evidence/VT-SEC-005.json
STAKE-005,GOAL-004,UC-002;UC-004,SEC-005,ARC-TARGET;ARC-SECRET,ARC-TARGET;ARC-SECRET,,TASK-0805,VT-SEC-005,validation/evidence/VT-SEC-005.json
STAKE-005,GOAL-004,UC-002;UC-004,SEC-006,ARC-TARGET;ARC-SECRET,IF-OBSERVER-CMD,,TASK-0306,VT-SEC-006,validation/evidence/VT-SEC-006.json
STAKE-005,GOAL-004,UC-002;UC-004,SEC-006,ARC-TARGET;ARC-SECRET,IF-OBSERVER-CMD,,TASK-0805,VT-SEC-006,validation/evidence/VT-SEC-006.json
STAKE-005,GOAL-004,UC-002;UC-004,SEC-007,ARC-TARGET;ARC-SECRET,IF-LIFECYCLE,,TASK-0306,VT-SEC-007,validation/evidence/VT-SEC-007.json
STAKE-005,GOAL-004,UC-002;UC-004,SEC-007,ARC-TARGET;ARC-SECRET,IF-LIFECYCLE,,TASK-0805,VT-SEC-007,validation/evidence/VT-SEC-007.json
STAKE-005,GOAL-004,UC-002;UC-004,SEC-008,ARC-TARGET;ARC-SECRET,ARC-TARGET;ARC-SECRET,,TASK-0306,VT-SEC-008,validation/evidence/VT-SEC-008.json
STAKE-005,GOAL-004,UC-002;UC-004,SEC-008,ARC-TARGET;ARC-SECRET,ARC-TARGET;ARC-SECRET,,TASK-0805,VT-SEC-008,validation/evidence/VT-SEC-008.json
STAKE-005,GOAL-004,UC-002;UC-004,SEC-009,ARC-TARGET;ARC-SECRET,ARC-TARGET;ARC-SECRET,,TASK-0308,VT-SEC-009,validation/evidence/VT-SEC-009.json
STAKE-005,GOAL-004,UC-002;UC-004,SEC-009,ARC-TARGET;ARC-SECRET,ARC-TARGET;ARC-SECRET,,TASK-0503,VT-SEC-009,validation/evidence/VT-SEC-009.json
STAKE-005,GOAL-004,UC-002;UC-004,SEC-009,ARC-TARGET;ARC-SECRET,ARC-TARGET;ARC-SECRET,,TASK-0805,VT-SEC-009,validation/evidence/VT-SEC-009.json
STAKE-005,GOAL-004,UC-002;UC-004,SEC-010,ARC-TARGET;ARC-SECRET,IF-REPORT,,TASK-0308,VT-SEC-010,validation/evidence/VT-SEC-010.json
STAKE-005,GOAL-004,UC-002;UC-004,SEC-010,ARC-TARGET;ARC-SECRET,IF-REPORT,,TASK-0503,VT-SEC-010,validation/evidence/VT-SEC-010.json
STAKE-005,GOAL-004,UC-002;UC-004,SEC-010,ARC-TARGET;ARC-SECRET,IF-REPORT,,TASK-0805,VT-SEC-010,validation/evidence/VT-SEC-010.json
STAKE-005,GOAL-004,UC-002;UC-004,SEC-011,ARC-TARGET;ARC-SECRET,ARC-TARGET;ARC-SECRET,,TASK-0308,VT-SEC-011,validation/evidence/VT-SEC-011.json
STAKE-005,GOAL-004,UC-002;UC-004,SEC-011,ARC-TARGET;ARC-SECRET,ARC-TARGET;ARC-SECRET,,TASK-0805,VT-SEC-011,validation/evidence/VT-SEC-011.json
STAKE-005,GOAL-004,UC-002;UC-004,SEC-012,ARC-TARGET;ARC-SECRET,ARC-TARGET;ARC-SECRET,,TASK-0105,VT-SEC-012,validation/evidence/VT-SEC-012.json
STAKE-005,GOAL-004,UC-002;UC-004,SEC-012,ARC-TARGET;ARC-SECRET,ARC-TARGET;ARC-SECRET,,TASK-0308,VT-SEC-012,validation/evidence/VT-SEC-012.json
STAKE-005,GOAL-004,UC-002;UC-004,SEC-012,ARC-TARGET;ARC-SECRET,ARC-TARGET;ARC-SECRET,,TASK-0805,VT-SEC-012,validation/evidence/VT-SEC-012.json
STAKE-005,GOAL-004,UC-002;UC-004,SEC-013,ARC-TARGET;ARC-SECRET,ARC-TARGET;ARC-SECRET,,TASK-0106,VT-SEC-013,validation/evidence/VT-SEC-013.json
STAKE-005,GOAL-004,UC-002;UC-004,SEC-013,ARC-TARGET;ARC-SECRET,ARC-TARGET;ARC-SECRET,,TASK-0805,VT-SEC-013,validation/evidence/VT-SEC-013.json
STAKE-005,GOAL-004,UC-002;UC-004,SEC-014,ARC-TARGET;ARC-SECRET,ARC-TARGET;ARC-SECRET,,TASK-0106,VT-SEC-014,validation/evidence/VT-SEC-014.json
STAKE-005,GOAL-004,UC-002;UC-004,SEC-015,ARC-TARGET;ARC-SECRET,ARC-TARGET;ARC-SECRET,,TASK-0107,VT-SEC-015,validation/evidence/VT-SEC-015.json
STAKE-005,GOAL-004,UC-002;UC-004,SEC-015,ARC-TARGET;ARC-SECRET,ARC-TARGET;ARC-SECRET,,TASK-0201,VT-SEC-015,validation/evidence/VT-SEC-015.json
STAKE-005,GOAL-004,UC-002;UC-004,SEC-015,ARC-TARGET;ARC-SECRET,ARC-TARGET;ARC-SECRET,,TASK-0605,VT-SEC-015,validation/evidence/VT-SEC-015.json
STAKE-005,GOAL-004,UC-002;UC-004,SEC-015,ARC-TARGET;ARC-SECRET,ARC-TARGET;ARC-SECRET,,TASK-0805,VT-SEC-015,validation/evidence/VT-SEC-015.json
STAKE-005,GOAL-004,UC-002;UC-004,SEC-016,ARC-TARGET;ARC-SECRET,ARC-TARGET;ARC-SECRET,,TASK-0105,VT-SEC-016,validation/evidence/VT-SEC-016.json
STAKE-005,GOAL-004,UC-002;UC-004,SEC-016,ARC-TARGET;ARC-SECRET,ARC-TARGET;ARC-SECRET,,TASK-0805,VT-SEC-016,validation/evidence/VT-SEC-016.json
STAKE-005,GOAL-004,UC-002;UC-004,SEC-017,ARC-TARGET;ARC-SECRET,ARC-TARGET;ARC-SECRET,,TASK-0106,VT-SEC-017,validation/evidence/VT-SEC-017.json
STAKE-005,GOAL-004,UC-002;UC-004,SEC-017,ARC-TARGET;ARC-SECRET,ARC-TARGET;ARC-SECRET,,TASK-0107,VT-SEC-017,validation/evidence/VT-SEC-017.json
STAKE-005,GOAL-004,UC-002;UC-004,SEC-017,ARC-TARGET;ARC-SECRET,ARC-TARGET;ARC-SECRET,,TASK-0502,VT-SEC-017,validation/evidence/VT-SEC-017.json
STAKE-005,GOAL-004,UC-002;UC-004,SEC-017,ARC-TARGET;ARC-SECRET,ARC-TARGET;ARC-SECRET,,TASK-0605,VT-SEC-017,validation/evidence/VT-SEC-017.json
STAKE-005,GOAL-004,UC-002;UC-004,SEC-017,ARC-TARGET;ARC-SECRET,ARC-TARGET;ARC-SECRET,,TASK-0805,VT-SEC-017,validation/evidence/VT-SEC-017.json
STAKE-005,GOAL-004,UC-002;UC-004,SEC-018,ARC-TARGET;ARC-SECRET,ARC-TARGET;ARC-SECRET,,TASK-0107,VT-SEC-018,validation/evidence/VT-SEC-018.json
STAKE-005,GOAL-004,UC-002;UC-004,SEC-019,ARC-TARGET;ARC-SECRET,ARC-TARGET;ARC-SECRET,,TASK-0502,VT-SEC-019,validation/evidence/VT-SEC-019.json
STAKE-005,GOAL-004,UC-002;UC-004,SEC-019,ARC-TARGET;ARC-SECRET,ARC-TARGET;ARC-SECRET,,TASK-0805,VT-SEC-019,validation/evidence/VT-SEC-019.json
STAKE-005,GOAL-004,UC-002;UC-004,SEC-020,ARC-TARGET;ARC-SECRET,ARC-TARGET;ARC-SECRET,,TASK-0502,VT-SEC-020,validation/evidence/VT-SEC-020.json
STAKE-005,GOAL-004,UC-002;UC-004,SEC-020,ARC-TARGET;ARC-SECRET,ARC-TARGET;ARC-SECRET,,TASK-0805,VT-SEC-020,validation/evidence/VT-SEC-020.json
STAKE-005,GOAL-004,UC-002;UC-004,SEC-021,ARC-TARGET;ARC-SECRET,ARC-TARGET;ARC-SECRET,,TASK-0502,VT-SEC-021,validation/evidence/VT-SEC-021.json
STAKE-005,GOAL-004,UC-002;UC-004,SEC-021,ARC-TARGET;ARC-SECRET,ARC-TARGET;ARC-SECRET,,TASK-0805,VT-SEC-021,validation/evidence/VT-SEC-021.json
STAKE-005,GOAL-004,UC-002;UC-004,SEC-022,ARC-TARGET;ARC-SECRET,ARC-TARGET;ARC-SECRET,,TASK-0604,VT-SEC-022,validation/evidence/VT-SEC-022.json
STAKE-005,GOAL-004,UC-002;UC-004,SEC-022,ARC-TARGET;ARC-SECRET,ARC-TARGET;ARC-SECRET,,TASK-0801,VT-SEC-022,validation/evidence/VT-SEC-022.json
STAKE-005,GOAL-004,UC-002;UC-004,SEC-022,ARC-TARGET;ARC-SECRET,ARC-TARGET;ARC-SECRET,,TASK-0805,VT-SEC-022,validation/evidence/VT-SEC-022.json
STAKE-005,GOAL-004,UC-002;UC-004,SEC-023,ARC-TARGET;ARC-SECRET,ARC-TARGET;ARC-SECRET,,TASK-0601,VT-SEC-023,validation/evidence/VT-SEC-023.json
STAKE-005,GOAL-004,UC-002;UC-004,SEC-023,ARC-TARGET;ARC-SECRET,ARC-TARGET;ARC-SECRET,,TASK-0805,VT-SEC-023,validation/evidence/VT-SEC-023.json
STAKE-005,GOAL-004,UC-002;UC-004,SEC-024,ARC-TARGET;ARC-SECRET,ARC-TARGET;ARC-SECRET,,TASK-0604,VT-SEC-024,validation/evidence/VT-SEC-024.json
STAKE-005,GOAL-004,UC-002;UC-004,SEC-024,ARC-TARGET;ARC-SECRET,ARC-TARGET;ARC-SECRET,,TASK-0805,VT-SEC-024,validation/evidence/VT-SEC-024.json
STAKE-005,GOAL-004,UC-002;UC-004,SEC-025,ARC-TARGET;ARC-SECRET,ARC-TARGET;ARC-SECRET,,TASK-0104,VT-SEC-025,validation/evidence/VT-SEC-025.json
STAKE-005,GOAL-004,UC-002;UC-004,SEC-025,ARC-TARGET;ARC-SECRET,ARC-TARGET;ARC-SECRET,,TASK-0107,VT-SEC-025,validation/evidence/VT-SEC-025.json
STAKE-005,GOAL-004,UC-002;UC-004,SEC-025,ARC-TARGET;ARC-SECRET,ARC-TARGET;ARC-SECRET,,TASK-0308,VT-SEC-025,validation/evidence/VT-SEC-025.json
STAKE-005,GOAL-004,UC-002;UC-004,SEC-025,ARC-TARGET;ARC-SECRET,ARC-TARGET;ARC-SECRET,,TASK-0502,VT-SEC-025,validation/evidence/VT-SEC-025.json
STAKE-005,GOAL-004,UC-002;UC-004,SEC-025,ARC-TARGET;ARC-SECRET,ARC-TARGET;ARC-SECRET,,TASK-0805,VT-SEC-025,validation/evidence/VT-SEC-025.json
STAKE-005,GOAL-004,UC-002;UC-004,SEC-026,ARC-TARGET;ARC-SECRET,ARC-TARGET;ARC-SECRET,,TASK-0303,VT-SEC-026,validation/evidence/VT-SEC-026.json
STAKE-005,GOAL-004,UC-002;UC-004,SEC-026,ARC-TARGET;ARC-SECRET,ARC-TARGET;ARC-SECRET,,TASK-0805,VT-SEC-026,validation/evidence/VT-SEC-026.json
STAKE-005,GOAL-004,UC-002;UC-004,SEC-027,ARC-TARGET;ARC-SECRET,ARC-TARGET;ARC-SECRET,,TASK-0001,VT-SEC-027,validation/evidence/VT-SEC-027.json
STAKE-005,GOAL-004,UC-002;UC-004,SEC-027,ARC-TARGET;ARC-SECRET,ARC-TARGET;ARC-SECRET,,TASK-0805,VT-SEC-027,validation/evidence/VT-SEC-027.json
STAKE-005,GOAL-004,UC-002;UC-004,SEC-028,ARC-TARGET;ARC-SECRET,ARC-TARGET;ARC-SECRET,,TASK-0803,VT-SEC-028,validation/evidence/VT-SEC-028.json
STAKE-005,GOAL-004,UC-002;UC-004,SEC-028,ARC-TARGET;ARC-SECRET,ARC-TARGET;ARC-SECRET,,TASK-0805,VT-SEC-028,validation/evidence/VT-SEC-028.json
STAKE-005,GOAL-004,UC-002;UC-004,SEC-029,ARC-TARGET;ARC-SECRET,ARC-TARGET;ARC-SECRET,,TASK-0803,VT-SEC-029,validation/evidence/VT-SEC-029.json
STAKE-005,GOAL-004,UC-002;UC-004,SEC-029,ARC-TARGET;ARC-SECRET,ARC-TARGET;ARC-SECRET,,TASK-0805,VT-SEC-029,validation/evidence/VT-SEC-029.json
STAKE-005,GOAL-004,UC-002;UC-004,SEC-030,ARC-TARGET;ARC-SECRET,ARC-TARGET;ARC-SECRET,,TASK-0808,VT-SEC-030,validation/evidence/VT-SEC-030.json
STAKE-005,GOAL-004,UC-002;UC-004,SEC-031,ARC-TARGET;ARC-SECRET,ARC-TARGET;ARC-SECRET,,TASK-0808,VT-SEC-031,validation/evidence/VT-SEC-031.json
STAKE-005,GOAL-004,UC-002;UC-004,SEC-032,ARC-TARGET;ARC-SECRET,ARC-TARGET;ARC-SECRET,,TASK-0808,VT-SEC-032,validation/evidence/VT-SEC-032.json
STAKE-005,GOAL-004,UC-002;UC-004,SEC-033,ARC-TARGET;ARC-SECRET,ARC-TARGET;ARC-SECRET,,TASK-0808,VT-SEC-033,validation/evidence/VT-SEC-033.json
STAKE-005,GOAL-004,UC-002;UC-004,SEC-034,ARC-TARGET;ARC-SECRET,ARC-TARGET;ARC-SECRET,,TASK-0808,VT-SEC-034,validation/evidence/VT-SEC-034.json
STAKE-005,GOAL-004,UC-002;UC-004,SEC-035,ARC-TARGET;ARC-SECRET,ARC-TARGET;ARC-SECRET,,TASK-0809,VT-SEC-035,validation/evidence/VT-SEC-035.json
STAKE-005,GOAL-004,UC-004;UC-007;UC-008,PRIV-001,ARC-SECRET;ARC-REPORT-HTML,ARC-SECRET;ARC-REPORT-HTML,,TASK-0308,VT-PRIV-001,validation/evidence/VT-PRIV-001.json
STAKE-005,GOAL-004,UC-004;UC-007;UC-008,PRIV-001,ARC-SECRET;ARC-REPORT-HTML,ARC-SECRET;ARC-REPORT-HTML,,TASK-0601,VT-PRIV-001,validation/evidence/VT-PRIV-001.json
STAKE-005,GOAL-004,UC-004;UC-007;UC-008,PRIV-002,ARC-SECRET;ARC-REPORT-HTML,ARC-SECRET;ARC-REPORT-HTML,,TASK-0308,VT-PRIV-002,validation/evidence/VT-PRIV-002.json
STAKE-005,GOAL-004,UC-004;UC-007;UC-008,PRIV-002,ARC-SECRET;ARC-REPORT-HTML,ARC-SECRET;ARC-REPORT-HTML,,TASK-0601,VT-PRIV-002,validation/evidence/VT-PRIV-002.json
STAKE-005,GOAL-004,UC-004;UC-007;UC-008,PRIV-003,ARC-SECRET;ARC-REPORT-HTML,ARC-SECRET;ARC-REPORT-HTML,,TASK-0308,VT-PRIV-003,validation/evidence/VT-PRIV-003.json
STAKE-005,GOAL-004,UC-004;UC-007;UC-008,PRIV-003,ARC-SECRET;ARC-REPORT-HTML,ARC-SECRET;ARC-REPORT-HTML,,TASK-0601,VT-PRIV-003,validation/evidence/VT-PRIV-003.json
STAKE-005,GOAL-004,UC-004;UC-007;UC-008,PRIV-004,ARC-SECRET;ARC-REPORT-HTML,ARC-SECRET;ARC-REPORT-HTML,,TASK-0601,VT-PRIV-004,validation/evidence/VT-PRIV-004.json
STAKE-005,GOAL-004,UC-004;UC-007;UC-008,PRIV-005,ARC-SECRET;ARC-REPORT-HTML,ARC-SECRET;ARC-REPORT-HTML,,TASK-0309,VT-PRIV-005,validation/evidence/VT-PRIV-005.json
STAKE-005,GOAL-004,UC-004;UC-007;UC-008,PRIV-005,ARC-SECRET;ARC-REPORT-HTML,ARC-SECRET;ARC-REPORT-HTML,,TASK-0504,VT-PRIV-005,validation/evidence/VT-PRIV-005.json
STAKE-005,GOAL-004,UC-004;UC-007;UC-008,PRIV-006,ARC-SECRET;ARC-REPORT-HTML,ARC-SECRET;ARC-REPORT-HTML,,TASK-0601,VT-PRIV-006,validation/evidence/VT-PRIV-006.json
STAKE-005,GOAL-004,UC-004;UC-007;UC-008,PRIV-007,ARC-SECRET;ARC-REPORT-HTML,ARC-SECRET;ARC-REPORT-HTML,,TASK-0106,VT-PRIV-007,validation/evidence/VT-PRIV-007.json
STAKE-005,GOAL-004,UC-004;UC-007;UC-008,PRIV-007,ARC-SECRET;ARC-REPORT-HTML,ARC-SECRET;ARC-REPORT-HTML,,TASK-0601,VT-PRIV-007,validation/evidence/VT-PRIV-007.json
STAKE-005,GOAL-004,UC-004;UC-007;UC-008,PRIV-008,ARC-SECRET;ARC-REPORT-HTML,IF-ACTION,,TASK-0606,VT-PRIV-008,validation/evidence/VT-PRIV-008.json
STAKE-005,GOAL-004,UC-004;UC-007;UC-008,PRIV-008,ARC-SECRET;ARC-REPORT-HTML,IF-ACTION,,TASK-0801,VT-PRIV-008,validation/evidence/VT-PRIV-008.json
STAKE-005,GOAL-004,UC-004;UC-007;UC-008,PRIV-009,ARC-SECRET;ARC-REPORT-HTML,ARC-SECRET;ARC-REPORT-HTML,,TASK-0501,VT-PRIV-009,validation/evidence/VT-PRIV-009.json
STAKE-005,GOAL-004,UC-004;UC-007;UC-008,PRIV-009,ARC-SECRET;ARC-REPORT-HTML,ARC-SECRET;ARC-REPORT-HTML,,TASK-0701,VT-PRIV-009,validation/evidence/VT-PRIV-009.json
STAKE-005,GOAL-004,UC-004;UC-007;UC-008,PRIV-010,ARC-SECRET;ARC-REPORT-HTML,ARC-SECRET;ARC-REPORT-HTML,,TASK-0311,VT-PRIV-010,validation/evidence/VT-PRIV-010.json
STAKE-005,GOAL-004,UC-004;UC-007;UC-008,PRIV-010,ARC-SECRET;ARC-REPORT-HTML,ARC-SECRET;ARC-REPORT-HTML,,TASK-0803,VT-PRIV-010,validation/evidence/VT-PRIV-010.json
STAKE-005,GOAL-004,UC-004;UC-007;UC-008,PRIV-011,ARC-SECRET;ARC-REPORT-HTML,ARC-SECRET;ARC-REPORT-HTML,,TASK-0803,VT-PRIV-011,validation/evidence/VT-PRIV-011.json
STAKE-005,GOAL-004,UC-004;UC-007;UC-008,PRIV-012,ARC-SECRET;ARC-REPORT-HTML,ARC-SECRET;ARC-REPORT-HTML,,TASK-0002,VT-PRIV-012,validation/evidence/VT-PRIV-012.json
STAKE-005,GOAL-004,UC-004;UC-007;UC-008,PRIV-012,ARC-SECRET;ARC-REPORT-HTML,ARC-SECRET;ARC-REPORT-HTML,,TASK-0806,VT-PRIV-012,validation/evidence/VT-PRIV-012.json
STAKE-004,GOAL-003,UC-005,REL-001,ARC-RECOVERY;ARC-JOURNAL,ARC-RECOVERY;ARC-JOURNAL,ADR-004,TASK-0309,VT-REL-001,validation/evidence/VT-REL-001.json
STAKE-004,GOAL-003,UC-005,REL-001,ARC-RECOVERY;ARC-JOURNAL,ARC-RECOVERY;ARC-JOURNAL,ADR-004,TASK-0806,VT-REL-001,validation/evidence/VT-REL-001.json
STAKE-004,GOAL-003,UC-005,REL-002,ARC-RECOVERY;ARC-JOURNAL,ARC-RECOVERY;ARC-JOURNAL,ADR-009,TASK-0206,VT-REL-002,validation/evidence/VT-REL-002.json
STAKE-004,GOAL-003,UC-005,REL-002,ARC-RECOVERY;ARC-JOURNAL,ARC-RECOVERY;ARC-JOURNAL,ADR-009,TASK-0806,VT-REL-002,validation/evidence/VT-REL-002.json
STAKE-004,GOAL-003,UC-005,REL-003,ARC-RECOVERY;ARC-JOURNAL,ARC-RECOVERY;ARC-JOURNAL,ADR-009,TASK-0308,VT-REL-003,validation/evidence/VT-REL-003.json
STAKE-004,GOAL-003,UC-005,REL-003,ARC-RECOVERY;ARC-JOURNAL,ARC-RECOVERY;ARC-JOURNAL,ADR-009,TASK-0309,VT-REL-003,validation/evidence/VT-REL-003.json
STAKE-004,GOAL-003,UC-005,REL-004,ARC-RECOVERY;ARC-JOURNAL,IF-SCHED,ADR-004,TASK-0207,VT-REL-004,validation/evidence/VT-REL-004.json
STAKE-004,GOAL-003,UC-005,REL-004,ARC-RECOVERY;ARC-JOURNAL,IF-SCHED,ADR-004,TASK-0801,VT-REL-004,validation/evidence/VT-REL-004.json
STAKE-004,GOAL-003,UC-005,REL-005,ARC-RECOVERY;ARC-JOURNAL,ARC-RECOVERY;ARC-JOURNAL,,TASK-0509,VT-REL-005,validation/evidence/VT-REL-005.json
STAKE-004,GOAL-003,UC-005,REL-006,ARC-RECOVERY;ARC-JOURNAL,ARC-RECOVERY;ARC-JOURNAL,ADR-009,TASK-0207,VT-REL-006,validation/evidence/VT-REL-006.json
STAKE-004,GOAL-003,UC-005,REL-006,ARC-RECOVERY;ARC-JOURNAL,ARC-RECOVERY;ARC-JOURNAL,ADR-009,TASK-0309,VT-REL-006,validation/evidence/VT-REL-006.json
STAKE-004,GOAL-003,UC-005,REL-007,ARC-RECOVERY;ARC-JOURNAL,ARC-RECOVERY;ARC-JOURNAL,ADR-008,TASK-0207,VT-REL-007,validation/evidence/VT-REL-007.json
STAKE-004,GOAL-003,UC-005,REL-007,ARC-RECOVERY;ARC-JOURNAL,ARC-RECOVERY;ARC-JOURNAL,ADR-008,TASK-0801,VT-REL-007,validation/evidence/VT-REL-007.json
STAKE-004,GOAL-003,UC-005,REL-008,ARC-RECOVERY;ARC-JOURNAL,ARC-RECOVERY;ARC-JOURNAL,,TASK-0203,VT-REL-008,validation/evidence/VT-REL-008.json
STAKE-004,GOAL-003,UC-005,REL-008,ARC-RECOVERY;ARC-JOURNAL,ARC-RECOVERY;ARC-JOURNAL,,TASK-0309,VT-REL-008,validation/evidence/VT-REL-008.json
STAKE-004,GOAL-003,UC-005,REL-008,ARC-RECOVERY;ARC-JOURNAL,ARC-RECOVERY;ARC-JOURNAL,,TASK-0806,VT-REL-008,validation/evidence/VT-REL-008.json
STAKE-004,GOAL-003,UC-005,REL-009,ARC-RECOVERY;ARC-JOURNAL,ARC-RECOVERY;ARC-JOURNAL,,TASK-0501,VT-REL-009,validation/evidence/VT-REL-009.json
STAKE-004,GOAL-003,UC-005,REL-009,ARC-RECOVERY;ARC-JOURNAL,ARC-RECOVERY;ARC-JOURNAL,,TASK-0504,VT-REL-009,validation/evidence/VT-REL-009.json
STAKE-004,GOAL-003,UC-005,REL-010,ARC-RECOVERY;ARC-JOURNAL,IF-JOURNAL,ADR-007,TASK-0605,VT-REL-010,validation/evidence/VT-REL-010.json
STAKE-004,GOAL-003,UC-005,REL-010,ARC-RECOVERY;ARC-JOURNAL,IF-JOURNAL,ADR-007,TASK-0806,VT-REL-010,validation/evidence/VT-REL-010.json
STAKE-004,GOAL-003,UC-005,REL-011,ARC-RECOVERY;ARC-JOURNAL,ARC-RECOVERY;ARC-JOURNAL,,TASK-0310,VT-REL-011,validation/evidence/VT-REL-011.json
STAKE-004,GOAL-003,UC-005,REL-011,ARC-RECOVERY;ARC-JOURNAL,ARC-RECOVERY;ARC-JOURNAL,,TASK-0806,VT-REL-011,validation/evidence/VT-REL-011.json
STAKE-004,GOAL-003,UC-005,REL-012,ARC-RECOVERY;ARC-JOURNAL,ARC-RECOVERY;ARC-JOURNAL,,TASK-0204,VT-REL-012,validation/evidence/VT-REL-012.json
STAKE-004,GOAL-003,UC-005,REL-013,ARC-RECOVERY;ARC-JOURNAL,ARC-RECOVERY;ARC-JOURNAL,,TASK-0205,VT-REL-013,validation/evidence/VT-REL-013.json
STAKE-004,GOAL-003,UC-005,REL-013,ARC-RECOVERY;ARC-JOURNAL,ARC-RECOVERY;ARC-JOURNAL,,TASK-0207,VT-REL-013,validation/evidence/VT-REL-013.json
STAKE-004,GOAL-003,UC-005,REL-014,ARC-RECOVERY;ARC-JOURNAL,ARC-RECOVERY;ARC-JOURNAL,,TASK-0110,VT-REL-014,validation/evidence/VT-REL-014.json
STAKE-004,GOAL-003,UC-005,REL-015,ARC-RECOVERY;ARC-JOURNAL,ARC-RECOVERY;ARC-JOURNAL,,TASK-0201,VT-REL-015,validation/evidence/VT-REL-015.json
STAKE-004,GOAL-003,UC-005,REL-015,ARC-RECOVERY;ARC-JOURNAL,ARC-RECOVERY;ARC-JOURNAL,,TASK-0806,VT-REL-015,validation/evidence/VT-REL-015.json
STAKE-004,GOAL-003,UC-005,REL-016,ARC-RECOVERY;ARC-JOURNAL,ARC-RECOVERY;ARC-JOURNAL,,TASK-0806,VT-REL-016,validation/evidence/VT-REL-016.json
STAKE-006,GOAL-006,UC-004;UC-012,PERF-001,ARC-SCHED;ARC-HTTP,ARC-SCHED;ARC-HTTP,ADR-020,TASK-0807,VT-PERF-001,validation/evidence/VT-PERF-001.json
STAKE-006,GOAL-006,UC-004;UC-012,PERF-002,ARC-SCHED;ARC-HTTP,ARC-SCHED;ARC-HTTP,ADR-020,TASK-0807,VT-PERF-002,validation/evidence/VT-PERF-002.json
STAKE-006,GOAL-006,UC-004;UC-012,PERF-003,ARC-SCHED;ARC-HTTP,ARC-SCHED;ARC-HTTP,ADR-020,TASK-0807,VT-PERF-003,validation/evidence/VT-PERF-003.json
STAKE-006,GOAL-006,UC-004;UC-012,PERF-004,ARC-SCHED;ARC-HTTP,ARC-SCHED;ARC-HTTP,,TASK-0104,VT-PERF-004,validation/evidence/VT-PERF-004.json
STAKE-006,GOAL-006,UC-004;UC-012,PERF-004,ARC-SCHED;ARC-HTTP,ARC-SCHED;ARC-HTTP,,TASK-0303,VT-PERF-004,validation/evidence/VT-PERF-004.json
STAKE-006,GOAL-006,UC-004;UC-012,PERF-005,ARC-SCHED;ARC-HTTP,ARC-SCHED;ARC-HTTP,,TASK-0104,VT-PERF-005,validation/evidence/VT-PERF-005.json
STAKE-006,GOAL-006,UC-004;UC-012,PERF-005,ARC-SCHED;ARC-HTTP,ARC-SCHED;ARC-HTTP,,TASK-0303,VT-PERF-005,validation/evidence/VT-PERF-005.json
STAKE-006,GOAL-006,UC-004;UC-012,PERF-006,ARC-SCHED;ARC-HTTP,ARC-SCHED;ARC-HTTP,,TASK-0807,VT-PERF-006,validation/evidence/VT-PERF-006.json
STAKE-006,GOAL-006,UC-004;UC-012,PERF-007,ARC-SCHED;ARC-HTTP,ARC-SCHED;ARC-HTTP,,TASK-0605,VT-PERF-007,validation/evidence/VT-PERF-007.json
STAKE-006,GOAL-006,UC-004;UC-012,PERF-007,ARC-SCHED;ARC-HTTP,ARC-SCHED;ARC-HTTP,,TASK-0807,VT-PERF-007,validation/evidence/VT-PERF-007.json
STAKE-006,GOAL-006,UC-004;UC-012,PERF-008,ARC-SCHED;ARC-HTTP,ARC-SCHED;ARC-HTTP,ADR-020,TASK-0310,VT-PERF-008,validation/evidence/VT-PERF-008.json
STAKE-006,GOAL-006,UC-004;UC-012,PERF-008,ARC-SCHED;ARC-HTTP,ARC-SCHED;ARC-HTTP,ADR-020,TASK-0807,VT-PERF-008,validation/evidence/VT-PERF-008.json
STAKE-006,GOAL-006,UC-004;UC-012,PERF-009,ARC-SCHED;ARC-HTTP,ARC-SCHED;ARC-HTTP,,TASK-0809,VT-PERF-009,validation/evidence/VT-PERF-009.json
STAKE-006,GOAL-006,UC-001;UC-012,COMPAT-001,ARC-PACKAGE,ARC-PACKAGE,ADR-001;ADR-002,TASK-0004,VT-COMPAT-001,validation/evidence/VT-COMPAT-001.json
STAKE-006,GOAL-006,UC-001;UC-012,COMPAT-001,ARC-PACKAGE,ARC-PACKAGE,ADR-001;ADR-002,TASK-0804,VT-COMPAT-001,validation/evidence/VT-COMPAT-001.json
STAKE-006,GOAL-006,UC-001;UC-012,COMPAT-002,ARC-PACKAGE,ARC-PACKAGE,,TASK-0001,VT-COMPAT-002,validation/evidence/VT-COMPAT-002.json
STAKE-006,GOAL-006,UC-001;UC-012,COMPAT-002,ARC-PACKAGE,ARC-PACKAGE,,TASK-0809,VT-COMPAT-002,validation/evidence/VT-COMPAT-002.json
STAKE-006,GOAL-006,UC-001;UC-012,COMPAT-003,ARC-PACKAGE,ARC-PACKAGE,,TASK-0004,VT-COMPAT-003,validation/evidence/VT-COMPAT-003.json
STAKE-006,GOAL-006,UC-001;UC-012,COMPAT-003,ARC-PACKAGE,ARC-PACKAGE,,TASK-0804,VT-COMPAT-003,validation/evidence/VT-COMPAT-003.json
STAKE-006,GOAL-006,UC-001;UC-012,COMPAT-004,ARC-PACKAGE,ARC-PACKAGE,,TASK-0202,VT-COMPAT-004,validation/evidence/VT-COMPAT-004.json
STAKE-006,GOAL-006,UC-001;UC-012,COMPAT-004,ARC-PACKAGE,ARC-PACKAGE,,TASK-0804,VT-COMPAT-004,validation/evidence/VT-COMPAT-004.json
STAKE-006,GOAL-006,UC-001;UC-012,COMPAT-005,ARC-PACKAGE,ARC-PACKAGE,,TASK-0809,VT-COMPAT-005,validation/evidence/VT-COMPAT-005.json
STAKE-006,GOAL-006,UC-001;UC-012,COMPAT-006,ARC-PACKAGE,ARC-PACKAGE,,TASK-0003,VT-COMPAT-006,validation/evidence/VT-COMPAT-006.json
STAKE-006,GOAL-006,UC-001;UC-012,COMPAT-006,ARC-PACKAGE,ARC-PACKAGE,,TASK-0809,VT-COMPAT-006,validation/evidence/VT-COMPAT-006.json
STAKE-006,GOAL-006,UC-001;UC-012,COMPAT-007,ARC-PACKAGE,ARC-PACKAGE,,TASK-0110,VT-COMPAT-007,validation/evidence/VT-COMPAT-007.json
STAKE-006,GOAL-006,UC-001;UC-012,COMPAT-008,ARC-PACKAGE,ARC-PACKAGE,ADR-022,TASK-0109,VT-COMPAT-008,validation/evidence/VT-COMPAT-008.json
STAKE-006,GOAL-006,UC-001;UC-012,COMPAT-008,ARC-PACKAGE,ARC-PACKAGE,ADR-022,TASK-0804,VT-COMPAT-008,validation/evidence/VT-COMPAT-008.json
STAKE-006,GOAL-006,UC-001;UC-012,COMPAT-009,ARC-PACKAGE,ARC-PACKAGE,,TASK-0810,VT-COMPAT-009,validation/evidence/VT-COMPAT-009.json
STAKE-001;STAKE-003,GOAL-006,UC-001;UC-011,DX-001,ARC-CLI,ARC-CLI,,TASK-0809,VT-DX-001,validation/evidence/VT-DX-001.json
STAKE-001;STAKE-003,GOAL-006,UC-001;UC-011,DX-002,ARC-CLI,ARC-CLI,,TASK-0002,VT-DX-002,validation/evidence/VT-DX-002.json
STAKE-001;STAKE-003,GOAL-006,UC-001;UC-011,DX-002,ARC-CLI,ARC-CLI,,TASK-0801,VT-DX-002,validation/evidence/VT-DX-002.json
STAKE-001;STAKE-003,GOAL-006,UC-001;UC-011,DX-003,ARC-CLI,ARC-CLI,,TASK-0002,VT-DX-003,validation/evidence/VT-DX-003.json
STAKE-001;STAKE-003,GOAL-006,UC-001;UC-011,DX-003,ARC-CLI,ARC-CLI,,TASK-0801,VT-DX-003,validation/evidence/VT-DX-003.json
STAKE-001;STAKE-003,GOAL-006,UC-001;UC-011,DX-004,ARC-CLI,ARC-CLI,,TASK-0109,VT-DX-004,validation/evidence/VT-DX-004.json
STAKE-001;STAKE-003,GOAL-006,UC-001;UC-011,DX-004,ARC-CLI,ARC-CLI,,TASK-0801,VT-DX-004,validation/evidence/VT-DX-004.json
STAKE-001;STAKE-003,GOAL-006,UC-001;UC-011,DX-005,ARC-CLI,ARC-CLI,,TASK-0606,VT-DX-005,validation/evidence/VT-DX-005.json
STAKE-001;STAKE-003,GOAL-006,UC-001;UC-011,DX-006,ARC-CLI,ARC-CLI,,TASK-0003,VT-DX-006,validation/evidence/VT-DX-006.json
STAKE-001;STAKE-003,GOAL-006,UC-001;UC-011,DX-006,ARC-CLI,ARC-CLI,,TASK-0809,VT-DX-006,validation/evidence/VT-DX-006.json
STAKE-001;STAKE-003,GOAL-006,UC-001;UC-011,DX-007,ARC-CLI,ARC-CLI,,TASK-0502,VT-DX-007,validation/evidence/VT-DX-007.json
STAKE-001;STAKE-003,GOAL-006,UC-001;UC-011,DX-007,ARC-CLI,ARC-CLI,,TASK-0503,VT-DX-007,validation/evidence/VT-DX-007.json
STAKE-001;STAKE-003,GOAL-006,UC-001;UC-011,DX-007,ARC-CLI,ARC-CLI,,TASK-0809,VT-DX-007,validation/evidence/VT-DX-007.json
STAKE-001;STAKE-003,GOAL-006,UC-001;UC-011,DX-008,ARC-CLI,ARC-CLI,,TASK-0604,VT-DX-008,validation/evidence/VT-DX-008.json
STAKE-001;STAKE-003,GOAL-006,UC-001;UC-011,DX-009,ARC-CLI,ARC-CLI,,TASK-0801,VT-DX-009,validation/evidence/VT-DX-009.json
STAKE-001;STAKE-003,GOAL-006,UC-001;UC-011,DX-010,ARC-CLI,ARC-CLI,,TASK-0809,VT-DX-010,validation/evidence/VT-DX-010.json
STAKE-006,GOAL-004;GOAL-006,UC-012,OPS-001,ARC-PACKAGE;ARC-ACTION,ARC-PACKAGE;ARC-ACTION,ADR-002;ADR-017,TASK-0001,VT-OPS-001,validation/evidence/VT-OPS-001.json
STAKE-006,GOAL-004;GOAL-006,UC-012,OPS-002,ARC-PACKAGE;ARC-ACTION,ARC-PACKAGE;ARC-ACTION,,TASK-0004,VT-OPS-002,validation/evidence/VT-OPS-002.json
STAKE-006,GOAL-004;GOAL-006,UC-012,OPS-003,ARC-PACKAGE;ARC-ACTION,ARC-PACKAGE;ARC-ACTION,ADR-017,TASK-0804,VT-OPS-003,validation/evidence/VT-OPS-003.json
STAKE-006,GOAL-004;GOAL-006,UC-012,OPS-003,ARC-PACKAGE;ARC-ACTION,ARC-PACKAGE;ARC-ACTION,ADR-017,TASK-0802,VT-OPS-003,validation/evidence/VT-OPS-003.json
STAKE-006,GOAL-004;GOAL-006,UC-012,OPS-004,ARC-PACKAGE;ARC-ACTION,ARC-PACKAGE;ARC-ACTION,ADR-017,TASK-0804,VT-OPS-004,validation/evidence/VT-OPS-004.json
STAKE-006,GOAL-004;GOAL-006,UC-012,OPS-004,ARC-PACKAGE;ARC-ACTION,ARC-PACKAGE;ARC-ACTION,ADR-017,TASK-0809,VT-OPS-004,validation/evidence/VT-OPS-004.json
STAKE-006,GOAL-004;GOAL-006,UC-012,OPS-005,ARC-PACKAGE;ARC-ACTION,ARC-PACKAGE;ARC-ACTION,ADR-017,TASK-0802,VT-OPS-005,validation/evidence/VT-OPS-005.json
STAKE-006,GOAL-004;GOAL-006,UC-012,OPS-005,ARC-PACKAGE;ARC-ACTION,ARC-PACKAGE;ARC-ACTION,ADR-017,TASK-0803,VT-OPS-005,validation/evidence/VT-OPS-005.json
STAKE-006,GOAL-004;GOAL-006,UC-012,OPS-006,ARC-PACKAGE;ARC-ACTION,ARC-PACKAGE;ARC-ACTION,,TASK-0802,VT-OPS-006,validation/evidence/VT-OPS-006.json
STAKE-006,GOAL-004;GOAL-006,UC-012,OPS-007,ARC-PACKAGE;ARC-ACTION,IF-ACTION,ADR-022,TASK-0803,VT-OPS-007,validation/evidence/VT-OPS-007.json
STAKE-006,GOAL-004;GOAL-006,UC-012,OPS-008,ARC-PACKAGE;ARC-ACTION,ARC-PACKAGE;ARC-ACTION,,TASK-0803,VT-OPS-008,validation/evidence/VT-OPS-008.json
STAKE-006,GOAL-004;GOAL-006,UC-012,OPS-009,ARC-PACKAGE;ARC-ACTION,ARC-PACKAGE;ARC-ACTION,,TASK-0808,VT-OPS-009,validation/evidence/VT-OPS-009.json
STAKE-006,GOAL-004;GOAL-006,UC-012,OPS-009,ARC-PACKAGE;ARC-ACTION,ARC-PACKAGE;ARC-ACTION,,TASK-0809,VT-OPS-009,validation/evidence/VT-OPS-009.json
STAKE-006,GOAL-004;GOAL-006,UC-012,OPS-010,ARC-PACKAGE;ARC-ACTION,ARC-PACKAGE;ARC-ACTION,,TASK-0002,VT-OPS-010,validation/evidence/VT-OPS-010.json
STAKE-006,GOAL-004;GOAL-006,UC-012,OPS-010,ARC-PACKAGE;ARC-ACTION,ARC-PACKAGE;ARC-ACTION,,TASK-0809,VT-OPS-010,validation/evidence/VT-OPS-010.json
STAKE-006,GOAL-004;GOAL-006,UC-012,OPS-011,ARC-PACKAGE;ARC-ACTION,ARC-PACKAGE;ARC-ACTION,,TASK-0808,VT-OPS-011,validation/evidence/VT-OPS-011.json
STAKE-006,GOAL-004;GOAL-006,UC-012,OPS-012,ARC-PACKAGE;ARC-ACTION,ARC-PACKAGE;ARC-ACTION,,TASK-0004,VT-OPS-012,validation/evidence/VT-OPS-012.json
STAKE-006,GOAL-004;GOAL-006,UC-012,OPS-012,ARC-PACKAGE;ARC-ACTION,ARC-PACKAGE;ARC-ACTION,,TASK-0808,VT-OPS-012,validation/evidence/VT-OPS-012.json
STAKE-006,GOAL-004;GOAL-006,UC-012,OPS-013,ARC-PACKAGE;ARC-ACTION,ARC-PACKAGE;ARC-ACTION,,TASK-0808,VT-OPS-013,validation/evidence/VT-OPS-013.json
STAKE-006,GOAL-004;GOAL-006,UC-012,OPS-014,ARC-PACKAGE;ARC-ACTION,ARC-PACKAGE;ARC-ACTION,,TASK-0808,VT-OPS-014,validation/evidence/VT-OPS-014.json
STAKE-006,GOAL-004;GOAL-006,UC-012,OPS-014,ARC-PACKAGE;ARC-ACTION,ARC-PACKAGE;ARC-ACTION,,TASK-0810,VT-OPS-014,validation/evidence/VT-OPS-014.json
STAKE-002;STAKE-007,GOAL-001;GOAL-002;GOAL-003;GOAL-004;GOAL-005,UC-012,TEST-001,ARC-REF,ARC-REF,,TASK-0810,VT-TEST-001,validation/evidence/VT-TEST-001.json
STAKE-002;STAKE-007,GOAL-001;GOAL-002;GOAL-003;GOAL-004;GOAL-005,UC-012,TEST-002,ARC-REF,ARC-REF,,TASK-0401,VT-TEST-002,validation/evidence/VT-TEST-002.json
STAKE-002;STAKE-007,GOAL-001;GOAL-002;GOAL-003;GOAL-004;GOAL-005,UC-012,TEST-002,ARC-REF,ARC-REF,,TASK-0501,VT-TEST-002,validation/evidence/VT-TEST-002.json
STAKE-002;STAKE-007,GOAL-001;GOAL-002;GOAL-003;GOAL-004;GOAL-005,UC-012,TEST-002,ARC-REF,ARC-REF,,TASK-0508,VT-TEST-002,validation/evidence/VT-TEST-002.json
STAKE-002;STAKE-007,GOAL-001;GOAL-002;GOAL-003;GOAL-004;GOAL-005,UC-012,TEST-002,ARC-REF,ARC-REF,,TASK-0605,VT-TEST-002,validation/evidence/VT-TEST-002.json
STAKE-002;STAKE-007,GOAL-001;GOAL-002;GOAL-003;GOAL-004;GOAL-005,UC-012,TEST-003,ARC-REF,ARC-REF,,TASK-0103,VT-TEST-003,validation/evidence/VT-TEST-003.json
STAKE-002;STAKE-007,GOAL-001;GOAL-002;GOAL-003;GOAL-004;GOAL-005,UC-012,TEST-003,ARC-REF,ARC-REF,,TASK-0203,VT-TEST-003,validation/evidence/VT-TEST-003.json
STAKE-002;STAKE-007,GOAL-001;GOAL-002;GOAL-003;GOAL-004;GOAL-005,UC-012,TEST-003,ARC-REF,ARC-REF,,TASK-0302,VT-TEST-003,validation/evidence/VT-TEST-003.json
STAKE-002;STAKE-007,GOAL-001;GOAL-002;GOAL-003;GOAL-004;GOAL-005,UC-012,TEST-003,ARC-REF,ARC-REF,,TASK-0805,VT-TEST-003,validation/evidence/VT-TEST-003.json
STAKE-002;STAKE-007,GOAL-001;GOAL-002;GOAL-003;GOAL-004;GOAL-005,UC-012,TEST-004,ARC-REF,ARC-REF,,TASK-0203,VT-TEST-004,validation/evidence/VT-TEST-004.json
STAKE-002;STAKE-007,GOAL-001;GOAL-002;GOAL-003;GOAL-004;GOAL-005,UC-012,TEST-004,ARC-REF,ARC-REF,,TASK-0302,VT-TEST-004,validation/evidence/VT-TEST-004.json
STAKE-002;STAKE-007,GOAL-001;GOAL-002;GOAL-003;GOAL-004;GOAL-005,UC-012,TEST-005,ARC-REF,ARC-REF,,TASK-0103,VT-TEST-005,validation/evidence/VT-TEST-005.json
STAKE-002;STAKE-007,GOAL-001;GOAL-002;GOAL-003;GOAL-004;GOAL-005,UC-012,TEST-005,ARC-REF,ARC-REF,,TASK-0109,VT-TEST-005,validation/evidence/VT-TEST-005.json
STAKE-002;STAKE-007,GOAL-001;GOAL-002;GOAL-003;GOAL-004;GOAL-005,UC-012,TEST-005,ARC-REF,ARC-REF,,TASK-0402,VT-TEST-005,validation/evidence/VT-TEST-005.json
STAKE-002;STAKE-007,GOAL-001;GOAL-002;GOAL-003;GOAL-004;GOAL-005,UC-012,TEST-005,ARC-REF,ARC-REF,,TASK-0403,VT-TEST-005,validation/evidence/VT-TEST-005.json
STAKE-002;STAKE-007,GOAL-001;GOAL-002;GOAL-003;GOAL-004;GOAL-005,UC-012,TEST-005,ARC-REF,ARC-REF,,TASK-0605,VT-TEST-005,validation/evidence/VT-TEST-005.json
STAKE-002;STAKE-007,GOAL-001;GOAL-002;GOAL-003;GOAL-004;GOAL-005,UC-012,TEST-006,ARC-REF,ARC-REF,,TASK-0806,VT-TEST-006,validation/evidence/VT-TEST-006.json
STAKE-002;STAKE-007,GOAL-001;GOAL-002;GOAL-003;GOAL-004;GOAL-005,UC-012,TEST-007,ARC-REF,ARC-REF,ADR-018,TASK-0805,VT-TEST-007,validation/evidence/VT-TEST-007.json
STAKE-002;STAKE-007,GOAL-001;GOAL-002;GOAL-003;GOAL-004;GOAL-005,UC-012,TEST-008,ARC-REF,ARC-REF,,TASK-0003,VT-TEST-008,validation/evidence/VT-TEST-008.json
STAKE-002;STAKE-007,GOAL-001;GOAL-002;GOAL-003;GOAL-004;GOAL-005,UC-012,TEST-008,ARC-REF,ARC-REF,,TASK-0805,VT-TEST-008,validation/evidence/VT-TEST-008.json
STAKE-002;STAKE-007,GOAL-001;GOAL-002;GOAL-003;GOAL-004;GOAL-005,UC-012,TEST-009,ARC-REF,ARC-REF,,TASK-0810,VT-TEST-009,validation/evidence/VT-TEST-009.json
STAKE-002;STAKE-007,GOAL-001;GOAL-002;GOAL-003;GOAL-004;GOAL-005,UC-012,TEST-010,ARC-REF,ARC-REF,,TASK-0004,VT-TEST-010,validation/evidence/VT-TEST-010.json
STAKE-002;STAKE-007,GOAL-001;GOAL-002;GOAL-003;GOAL-004;GOAL-005,UC-012,TEST-010,ARC-REF,ARC-REF,,TASK-0804,VT-TEST-010,validation/evidence/VT-TEST-010.json
STAKE-002;STAKE-007,GOAL-001;GOAL-002;GOAL-003;GOAL-004;GOAL-005,UC-012,TEST-011,ARC-REF,ARC-REF,,TASK-0711,VT-TEST-011,validation/evidence/VT-TEST-011.json
STAKE-002;STAKE-007,GOAL-001;GOAL-002;GOAL-003;GOAL-004;GOAL-005,UC-012,TEST-012,ARC-REF,ARC-REF,,TASK-0701,VT-TEST-012,validation/evidence/VT-TEST-012.json
STAKE-002;STAKE-007,GOAL-001;GOAL-002;GOAL-003;GOAL-004;GOAL-005,UC-012,TEST-012,ARC-REF,ARC-REF,,TASK-0711,VT-TEST-012,validation/evidence/VT-TEST-012.json
STAKE-002;STAKE-007,GOAL-001;GOAL-002;GOAL-003;GOAL-004;GOAL-005,UC-012,TEST-013,ARC-REF,ARC-REF,,TASK-0711,VT-TEST-013,validation/evidence/VT-TEST-013.json
STAKE-002;STAKE-007,GOAL-001;GOAL-002;GOAL-003;GOAL-004;GOAL-005,UC-012,TEST-014,ARC-REF,ARC-REF,,TASK-0109,VT-TEST-014,validation/evidence/VT-TEST-014.json
STAKE-002;STAKE-007,GOAL-001;GOAL-002;GOAL-003;GOAL-004;GOAL-005,UC-012,TEST-014,ARC-REF,ARC-REF,,TASK-0110,VT-TEST-014,validation/evidence/VT-TEST-014.json
STAKE-002;STAKE-007,GOAL-001;GOAL-002;GOAL-003;GOAL-004;GOAL-005,UC-012,TEST-014,ARC-REF,ARC-REF,,TASK-0804,VT-TEST-014,validation/evidence/VT-TEST-014.json
STAKE-002;STAKE-007,GOAL-001;GOAL-002;GOAL-003;GOAL-004;GOAL-005,UC-012,TEST-015,ARC-REF,ARC-REF,,TASK-0201,VT-TEST-015,validation/evidence/VT-TEST-015.json
STAKE-002;STAKE-007,GOAL-001;GOAL-002;GOAL-003;GOAL-004;GOAL-005,UC-012,TEST-016,ARC-REF,ARC-REF,,TASK-0802,VT-TEST-016,validation/evidence/VT-TEST-016.json
STAKE-002;STAKE-007,GOAL-001;GOAL-002;GOAL-003;GOAL-004;GOAL-005,UC-012,TEST-016,ARC-REF,ARC-REF,,TASK-0803,VT-TEST-016,validation/evidence/VT-TEST-016.json
STAKE-002;STAKE-007,GOAL-001;GOAL-002;GOAL-003;GOAL-004;GOAL-005,UC-012,TEST-016,ARC-REF,ARC-REF,,TASK-0804,VT-TEST-016,validation/evidence/VT-TEST-016.json
STAKE-002;STAKE-007,GOAL-001;GOAL-002;GOAL-003;GOAL-004;GOAL-005,UC-012,TEST-017,ARC-REF,ARC-REF,,TASK-0807,VT-TEST-017,validation/evidence/VT-TEST-017.json
STAKE-002;STAKE-007,GOAL-001;GOAL-002;GOAL-003;GOAL-004;GOAL-005,UC-012,TEST-018,ARC-REF,ARC-REF,,TASK-0004,VT-TEST-018,validation/evidence/VT-TEST-018.json
STAKE-002;STAKE-007,GOAL-001;GOAL-002;GOAL-003;GOAL-004;GOAL-005,UC-012,TEST-019,ARC-REF,ARC-REF,,TASK-0711,VT-TEST-019,validation/evidence/VT-TEST-019.json
STAKE-002;STAKE-007,GOAL-001;GOAL-002;GOAL-003;GOAL-004;GOAL-005,UC-012,TEST-019,ARC-REF,ARC-REF,,TASK-0810,VT-TEST-019,validation/evidence/VT-TEST-019.json
STAKE-002;STAKE-007,GOAL-001;GOAL-002;GOAL-003;GOAL-004;GOAL-005,UC-012,TEST-020,ARC-REF,ARC-REF,,TASK-0003,VT-TEST-020,validation/evidence/VT-TEST-020.json
STAKE-002;STAKE-007,GOAL-001;GOAL-002;GOAL-003;GOAL-004;GOAL-005,UC-012,TEST-020,ARC-REF,ARC-REF,,TASK-0810,VT-TEST-020,validation/evidence/VT-TEST-020.json
STAKE-002;STAKE-007,GOAL-001;GOAL-002;GOAL-003;GOAL-004;GOAL-005,UC-012,TEST-020,ARC-REF,ARC-REF,,TASK-0702,VT-TEST-020,validation/evidence/VT-TEST-020.json
STAKE-002;STAKE-007,GOAL-001;GOAL-002;GOAL-003;GOAL-004;GOAL-005,UC-012,TEST-020,ARC-REF,ARC-REF,,TASK-0703,VT-TEST-020,validation/evidence/VT-TEST-020.json
STAKE-002;STAKE-007,GOAL-001;GOAL-002;GOAL-003;GOAL-004;GOAL-005,UC-012,TEST-020,ARC-REF,ARC-REF,,TASK-0704,VT-TEST-020,validation/evidence/VT-TEST-020.json
STAKE-002;STAKE-007,GOAL-001;GOAL-002;GOAL-003;GOAL-004;GOAL-005,UC-012,TEST-020,ARC-REF,ARC-REF,,TASK-0706,VT-TEST-020,validation/evidence/VT-TEST-020.json
STAKE-002;STAKE-007,GOAL-001;GOAL-002;GOAL-003;GOAL-004;GOAL-005,UC-012,TEST-020,ARC-REF,ARC-REF,,TASK-0707,VT-TEST-020,validation/evidence/VT-TEST-020.json
STAKE-002;STAKE-007,GOAL-001;GOAL-002;GOAL-003;GOAL-004;GOAL-005,UC-012,TEST-020,ARC-REF,ARC-REF,,TASK-0708,VT-TEST-020,validation/evidence/VT-TEST-020.json
STAKE-002;STAKE-007,GOAL-001;GOAL-002;GOAL-003;GOAL-004;GOAL-005,UC-012,TEST-020,ARC-REF,ARC-REF,,TASK-0709,VT-TEST-020,validation/evidence/VT-TEST-020.json
STAKE-002;STAKE-007,GOAL-001;GOAL-002;GOAL-003;GOAL-004;GOAL-005,UC-012,TEST-020,ARC-REF,ARC-REF,,TASK-0710,VT-TEST-020,validation/evidence/VT-TEST-020.json
